valorRuidoDesvio,valorRuidoAssimetria,valorRuidoCurtose,valorPRNUDesvio,valorPRNUAssimetria,valorPRNUCurtose,valorFFTDesvio,valorFFTAssimetria,valorFFTCurtose,valorRadialDesvio,valorRadialPicos,valorRadialEnergia,valorRadialCurtose,valorEntropiaMedia,valorEntropiaDesvio,valorEntropiaAssimetria,valorEntropiaCurtose,valorELADesvio,valorELAEntropia,valorELACurtose,valorWaveletMedia,valorWaveletDesvio,valorCFADiferenca,valorRuidoVermelho,valorRuidoVerde,valorRuidoAzul,valorSaturacaoMedia,valorSaturacaoDesvio,valorLabADesvio,valorLabBDesvio,valorDensidadeBordas,rotulo
1.6892763376235962,-0.0043364111334085464,6.8455705642700195,2.132444381713867,0.03601289540529251,1.8331027030944824,1.5150462677194503,1.6236834451943187,3.642755038334628,2.2979507246237985,208,0.04306932505180932,2.3046483935004805,3.914868856691071,1.6758051160245573,-0.9590907592435046,-0.17835565330854974,0.6157847431852564,1.302185860820982,0.10751197728026307,5.507850964864097,4.498340222002905,2.9196949005126953,1.6911617517471313,1.6935279369354248,1.6674147844314575,119.23114109039307,58.48435609723997,8.938736891156653,8.226448231125042,0.021780967712402344,0
0.5922788381576538,0.08722799271345139,9.792654037475586,1.5448654890060425,-0.004072876647114754,2.6329073905944824,1.2879505678503806,1.7891711461068305,5.299116947013674,2.0546370714903217,224,0.046160905959499794,4.740241347352284,3.3910268775416714,1.2425450193313072,-0.2689151863309358,-0.5652445256223948,0.5343336166006823,1.1036979668461875,-0.9808180201930363,2.2829736073811864,2.0241397640250525,1.273956298828125,0.5847496390342712,0.5829241871833801,0.5847707986831665,76.0332498550415,50.610487242263815,8.942015511273713,7.715682134789822,0.000904083251953125,0
0.23812708258628845,0.34337958693504333,21.91073226928711,0.9029383063316345,0.008796610869467258,3.3021650314331055,1.128375294429772,1.8082741091168821,7.10545579194023,1.8014643339362022,226,0.04779781001775579,9.041759993886215,1.8716237481604203,1.3009100401675597,0.572087514667254,-0.272182242608233,0.47045192301201355,0.9160648397635905,-0.6332375354831483,0.7278219858805343,0.6292082038782684,0.447845458984375,0.2235516905784607,0.21647551655769348,0.2287617176771164,54.60038661956787,43.92069684938521,6.079325264773729,10.991204574961452,0.0,0
1.7262471914291382,0.3258514404296875,9.678901672363281,2.168980360031128,0.04011719301342964,1.9245972633361816,1.523024627248227,1.5627490440636531,3.382916478573586,2.278652547346468,216,0.04745276585072404,1.8763505176624866,3.597739850076522,1.8433185450010765,-0.7427249271492039,-0.6921416448496736,0.6083428465723295,1.255564071858147,0.32286769096772305,5.018462498982749,4.050864854156014,2.8249778747558594,1.7308405637741089,1.7315524816513062,1.701837182044983,103.51331615447998,66.94675228502446,8.607302195122386,12.214711161220697,0.02361774444580078,0
0.44955167174339294,0.003370890161022544,6.60670280456543,1.2742046117782593,0.013920120894908905,3.0663323402404785,1.176822562950204,1.7664028932628488,6.475292079713753,1.9720524771396495,212,0.04691130731881024,6.284677315773594,2.6418334792776172,1.6274167915025755,-0.030386795275056954,-1.057749294592296,0.5275759840663622,1.0838466791282735,-1.0354239460015628,1.6472829182942716,1.4686059635902105,0.928558349609375,0.43037211894989014,0.42547956109046936,0.4326826333999634,76.69942855834961,41.90168062879106,13.563595690037126,12.675398109521472,0.00017547607421875,0
0.76922607421875,0.14855921268463135,12.77547836303711,1.8352693319320679,-0.038497112691402435,1.9904589653015137,1.333084534815318,1.8418761012494815,5.53889187658093,2.1628627954016935,211,0.046300899626958325,3.8878600297162667,3.3082801914560056,1.6972832412088765,-0.6406146959873738,-0.713944624027758,0.542118480249455,1.1150411644944187,-0.6577879265318312,2.8891512552897147,2.5297662949217,1.581085205078125,0.7643328905105591,0.7645857930183411,0.7663827538490295,87.77021217346191,65.80960268360064,6.114127316499761,10.312822657962373,0.00284576416015625,0
0.7801849842071533,0.21865962445735931,20.797569274902344,1.7360178232192993,-0.012952827848494053,2.8191299438476562,1.399402766849683,1.5878803625497733,3.9289027782220645,2.1628285758568224,231,0.046045776512401985,3.8747803904251628,2.9798847466559115,1.8021975092007851,-0.3836817783042728,-1.0825284815810041,0.5354091503976595,1.0909557026173602,-0.4992629234443817,2.622684160868328,2.288887989877928,1.5151386260986328,0.7752352952957153,0.7737882733345032,0.7766646146774292,58.745497703552246,54.835720813416316,8.216068225004582,9.676680785469344,0.0040435791015625,0
0.6595662832260132,0.10540056973695755,15.042581558227539,1.6949963569641113,-0.07153202593326569,2.4969358444213867,1.3509939624288756,1.5834326861603494,4.090968501616244,2.071823043456634,219,0.04512393852768739,4.240248944950663,3.0409312657291814,1.3835484495919697,0.06532108533034049,-0.7054137118046073,0.5185701167318354,1.046813446553923,-0.5730228596515912,2.2463932037353525,2.0011062481791657,1.1465873718261719,0.6603443622589111,0.6527312994003296,0.6543323993682861,44.384522438049316,42.21891136526509,5.458761508435607,8.229731978134064,0.002471923828125,0
0.8214854001998901,0.2405162751674652,15.078880310058594,1.922530174255371,-0.009138316847383976,2.022883892059326,1.3520988336096957,1.6729217732281605,4.342268645725956,2.1078162177729265,222,0.045065684427216965,3.51655455533433,3.3726348105036976,1.3844083105651994,-0.32557313929881637,-0.7111621095437819,0.5479118550576983,1.1375574720306176,-0.7324574210095549,2.6786365509033216,2.3241929183739516,1.3753433227539062,0.8186526894569397,0.8171349763870239,0.8094837069511414,120.8446912765503,55.49530289945505,6.672178244316589,6.860896523965512,0.0023660659790039062,0
0.6330357193946838,0.027593327686190605,15.086536407470703,1.6991666555404663,0.003593014320358634,2.509974479675293,1.3203329441429283,1.7815158482883557,5.020041567120915,2.0838500123142185,216,0.04522552436607495,3.9232364458412334,3.032450043344121,1.5855622668790545,-0.41069081247523903,-0.9085845696611887,0.528985569607687,1.0828271219402708,-0.8253345083143659,2.170821507771811,1.88182909525688,1.1812591552734375,0.6269693374633789,0.6263905763626099,0.6287503242492676,97.54645824432373,47.32087878019308,6.548127170794744,9.716391541879737,0.0014486312866210938,0
0.3371219038963318,0.5072040557861328,19.9962100982666,1.1219017505645752,0.07426939159631729,2.7947044372558594,1.1634574937641708,1.9842442506762301,7.9046236763566835,1.930953663114722,217,0.0444620033218618,7.775509042336816,2.241052516522621,1.4309500526633896,0.5004798917969511,-0.4992733939977585,0.49464452770111716,0.9849462343104066,-0.8278563727722013,1.1487496693929045,1.0308163279919376,0.5816688537597656,0.3243878483772278,0.3171257972717285,0.3235635459423065,83.74824714660645,40.70440760581535,6.651101527381004,8.748023063239497,0.0,0
0.42233532667160034,0.16589877009391785,17.782913208007812,1.2257847785949707,-0.0556618794798851,5.030919075012207,1.2167718111949892,1.8666157577045532,6.443950424352982,2.003567516516082,226,0.046549096172743845,5.454976282587806,2.1571878149851766,1.8101327087730374,0.21580164628534126,-1.3230852064127254,0.48244881771513703,0.9412860872735637,-0.14783669305785496,1.3654317855834968,1.221406343712271,0.7800960540771484,0.4223945438861847,0.4084817171096802,0.4064244031906128,73.53567218780518,62.54217032593503,9.726643778360563,14.73542124817092,0.00025844573974609375,0
0.7457635998725891,0.0014537533279508352,37.333953857421875,1.6079317331314087,0.022242432460188866,3.334059715270996,1.348765119768479,1.651905453944235,4.2341582324438285,2.07831757128573,224,0.04580471909497668,3.6215061029770474,3.237543531811788,1.3248921518228973,-0.26213666108598943,-0.6337854494795052,0.5413410261700364,1.120587088230523,-0.8003795970543894,2.2365830739339208,1.9280417874437188,1.2357177734375,0.7440147995948792,0.7352884411811829,0.7368699312210083,89.10719966888428,45.08096854572045,12.230102087134087,9.348411661408306,0.0028095245361328125,0
0.5875241160392761,0.14192545413970947,25.297861099243164,1.6536213159561157,0.04412537440657616,3.2855639457702637,1.3048186459936062,1.8005676584333001,5.298048658687922,2.0800359549546314,227,0.04691976966078313,4.382503154333756,2.7742180394298255,1.535509613370171,-0.10860329375483266,-0.9593031909850445,0.5345887035810212,1.0980932722329235,-0.7793914282264809,1.8245410919189462,1.6205928152273748,0.9031486511230469,0.5928064584732056,0.5746320486068726,0.5548097491264343,122.88177394866943,52.24040213079107,10.254194976754365,17.039783644918828,0.0014123916625976562,0
0.49688440561294556,0.21946321427822113,14.470487594604492,1.3731635808944702,0.02624375745654106,3.475311279296875,1.2713436011656332,1.6694808641776897,4.891280853488548,2.028243047762351,211,0.0444076791276302,5.2108204193257635,2.6661822006234486,1.7618993401766312,-0.10217172097232854,-1.3005246793499772,0.5105986700048337,1.0261866013310044,-0.6606601984239608,1.790823300679526,1.5998233006849087,1.0448627471923828,0.4903721809387207,0.4882389307022095,0.4933636784553528,43.794074058532715,40.46097853127115,5.746744842593738,10.942976498549907,0.0002269744873046875,0
0.4479176104068756,0.07635197043418884,15.247058868408203,1.3609598875045776,-0.012254385277628899,3.986567974090576,1.2403358760768517,1.7552663182358992,5.544436531123074,2.000812970491164,224,0.047139695515413554,4.949691623259078,2.252853128937958,1.630401669806347,0.13454621864650296,-1.1435832029650776,0.4984799050525562,0.9900399275419115,-0.4839232620834526,1.2987219492594406,1.1337721042023339,0.732147216796875,0.4487975239753723,0.43622010946273804,0.42758709192276,114.88947582244873,71.64763442179714,8.269060396938826,13.377043371753505,0.0005159378051757812,0
0.3722877502441406,-0.04444156214594841,9.985050201416016,1.1688398122787476,0.026793042197823524,3.7835068702697754,1.2179667829263683,1.6806319347956835,5.517157977931404,1.950708388488044,220,0.045114672976152126,6.897370177658241,2.151411264501902,1.7119586124126887,0.2869870840126711,-1.0738265725357201,0.5087974046758132,1.0186562940817618,-0.5360445880643323,1.2738682428995776,1.1450246757088822,0.7217540740966797,0.3475542366504669,0.3587380349636078,0.36580801010131836,89.30268287658691,52.296738456614214,18.226444310037646,18.811811211289733,0.000179290771484375,0
0.9207183122634888,0.04223459213972092,21.374408721923828,1.8357821702957153,-0.0005195568082854152,2.007096290588379,1.4068047127768881,1.622505518156019,4.051518509975464,2.179834956658056,211,0.04582748490791567,3.2085068830519994,3.2607238848081903,1.6612752247450842,-0.4975831345759529,-0.8509471329173044,0.5485417922059923,1.130186856148941,-0.48723103982742355,2.95302708943685,2.5595958540171564,1.5977058410644531,0.9177771210670471,0.9163782000541687,0.9150030016899109,59.201026916503906,38.45007425127706,6.626274485248486,9.27566647336153,0.005878448486328125,0
0.5817422270774841,-0.08114670217037201,4.026889801025391,1.5796078443527222,0.043262772262096405,1.6104445457458496,1.252480217168642,1.649601715449545,5.089935535409481,2.0064506170934915,213,0.0510276843793991,5.104092717405228,3.5183870830770565,1.2239289521953929,-0.3233330143524261,-0.6286784166410335,0.5270159437915083,1.081260414984177,-0.9906553715688351,2.4749647776285824,2.345318318631637,1.0938644409179688,0.5749650597572327,0.5763918161392212,0.579605758190155,87.8436164855957,28.09294563866947,4.840908711398875,5.106408427394815,0.000492095947265625,0
0.5986664295196533,-0.09074027836322784,11.03408432006836,1.693723201751709,0.06763575971126556,2.140349864959717,1.336167583519551,1.6543287409872107,4.418379968186422,2.078589925430815,215,0.04303579639648054,4.367802588786161,2.920883450123518,1.8445467468007464,-0.45823747292811357,-1.1598043343917521,0.5281175234790204,1.0739415201659743,-0.6348820898425602,2.2269713083903,1.97400219840348,1.2135772705078125,0.5943248867988586,0.5906761288642883,0.5917759537696838,63.215298652648926,57.545934356716664,7.7999878293270815,10.152325459421455,0.0007343292236328125,0
0.4397278428077698,0.5057892799377441,20.688974380493164,1.586042046546936,-0.03618336841464043,1.4501981735229492,1.2180955376343003,1.8291890183741566,6.216243868066105,1.9677399711354675,212,0.046445683860291735,6.352532659147679,2.906167862223116,1.2364741985682186,0.06328325237592068,-0.5089703431045938,0.522448707733642,1.0690080695460749,-1.0579014243600355,1.5944700241088874,1.4051929771657619,0.8622417449951172,0.4253455400466919,0.4254951775074005,0.4259396195411682,111.8350191116333,46.97844029214604,14.232305106339195,14.78595763123024,0.00026702880859375,0
0.44694647192955017,0.006395885720849037,6.393589019775391,1.360532522201538,-0.022882511839270592,2.9750804901123047,1.2636382745692811,1.6451041722091921,5.017324192285269,1.9975758830423809,238,0.05023931102451553,5.635846998400288,2.523231842356984,1.7796743401737065,-0.09381454309115507,-1.3344718779320288,0.5014544018557104,0.9987179874149331,-0.5438260275481306,1.6114492416381845,1.5081335808023735,0.7419071197509766,0.4421626031398773,0.4374728500843048,0.43787238001823425,77.77295017242432,60.69692044124366,9.292380454673431,12.06275286776033,4.76837158203125e-05,0
0.8074266314506531,0.33248138427734375,27.987714767456055,1.64543879032135,-0.04442470148205757,3.572523593902588,1.352759584509715,1.6743436709361055,4.38985503925451,2.1251531587060892,219,0.048575367554943044,3.6919285623567495,3.1328815486714223,1.3987813687236867,-0.15189129750961572,-0.805218067767536,0.5499928369068288,1.1473845116585388,-0.7325298889998595,2.33328406016032,1.9958016516068668,1.3388347625732422,0.8111923933029175,0.7935385704040527,0.7903786301612854,104.55405521392822,55.28137819521274,10.10915661148776,26.46383782476063,0.003231048583984375,0
0.7943587303161621,0.06944037228822708,9.656049728393555,1.8997344970703125,0.022657781839370728,1.699833869934082,1.304425999994177,1.746157692435679,5.1724698902117225,2.105053197757593,217,0.04630128809432184,3.8178781133949258,3.3882609419603145,1.4188602390252874,-0.2905013274078972,-0.9126115994208122,0.5539918282123313,1.1593737886999105,-0.7355141876479419,2.80890719095866,2.456157478180766,1.4386672973632812,0.7840526700019836,0.7901210188865662,0.7852228879928589,147.57902431488037,46.91190083813241,10.469168209668156,18.813681266347647,0.00310516357421875,0
0.5275246500968933,-0.04983516037464142,10.239615440368652,1.8408395051956177,0.024119563400745392,1.6581320762634277,1.2268711103544068,1.7941546605678613,5.772029055480333,1.9905016158209738,229,0.045504620701180894,5.110024273510167,2.9896689464091164,1.2262451306650677,0.010788512332105604,-0.5914064147717069,0.5149814509816555,1.044242405623332,-0.9291821985518052,1.7386147181193043,1.5117538335039296,0.9449214935302734,0.5257776379585266,0.5199822783470154,0.5156811475753784,105.01673316955566,37.4297963516007,6.568864392288423,6.189292365200161,0.0007648468017578125,0
0.4691653251647949,-0.01588359847664833,5.782416343688965,1.5350661277770996,0.022778932005167007,1.6695384979248047,1.2452293520412607,1.6933399767029003,5.344272295094253,1.9537519990083962,225,0.04593324255389857,6.006426808095066,3.156278397727077,1.302317161388575,-0.3195165513573536,-0.4698115596096959,0.5254961065138287,1.0802721666486264,-1.1405859095724868,1.8572098414103202,1.7045568149049963,0.9088306427001953,0.45930972695350647,0.4538109600543976,0.45391160249710083,72.05288791656494,41.402540047843246,7.466470356844485,6.987599973950234,8.869171142578125e-05,0
0.3848174810409546,0.09256768226623535,11.460233688354492,1.3137016296386719,0.0662464126944542,1.8779888153076172,1.1513045267879018,1.7829199618236622,6.771076721247773,1.9193424672387935,231,0.04546415867848502,6.763260820017699,2.6240845095546956,1.4220855044168954,0.012265294369644242,-0.6775956835876698,0.5050668354400646,1.0135535691346669,-0.7948402348572179,1.4060401916503913,1.2704225142522605,0.7012138366699219,0.3827289640903473,0.37017109990119934,0.36491066217422485,112.72244071960449,63.45752683769267,8.322550675506095,7.41121557856141,0.00016880035400390625,0
0.5580880045890808,-0.0010359158040955663,3.2104854583740234,1.7675551176071167,0.023657258599996567,1.3465633392333984,1.2081463523451526,1.7725282584567972,6.05011335533745,1.9970091167528945,220,0.046284893757685096,5.200592252286453,3.412074232024869,1.2602222482465812,-0.6629743605147649,-0.23682714876664823,0.5366154142954014,1.1148173617237243,-1.083623494213056,2.2239726384480805,1.9927501482160537,1.1084728240966797,0.5443354845046997,0.5430200695991516,0.5435017943382263,84.37353610992432,44.4058822842425,9.181673515339543,9.711883596134335,0.0,0
0.5316818356513977,-0.14134462177753448,8.293465614318848,1.5552376508712769,-0.028575638309121132,2.0654916763305664,1.274051938102868,1.630427742108813,4.693947416305852,1.9950907856650213,222,0.04859740098217326,5.066044631040816,3.0695469165616185,1.4949254549261848,-0.47232241954454823,-0.6143282878062171,0.5424014928346909,1.1249951524229378,-0.8760557811902552,1.988094011942547,1.766090484831548,1.0375728607177734,0.5095041990280151,0.5241283774375916,0.5402260422706604,86.15106964111328,49.717577038543716,11.458484632248839,15.675817670672666,0.000255584716796875,0
0.6863011121749878,0.24422180652618408,19.371450424194336,1.7697796821594238,0.05985448136925697,2.189453601837158,1.2591950498212876,1.9326624370266587,6.324147571933397,2.107669261185446,219,0.04709798026698257,3.899615080206722,3.0053418754184085,1.7752582628106481,-0.5688853207089033,-0.9276535771985452,0.5390315260174129,1.1059501653581663,-0.6418358520797232,2.3077074686686205,2.0188678508232423,1.4365997314453125,0.6879681944847107,0.6805762052536011,0.6615694165229797,139.84630298614502,79.45262085358024,9.879021340405682,15.150693835920457,0.001049041748046875,0
0.7362960577011108,0.16739925742149353,47.7623405456543,1.9154014587402344,-0.020444510504603386,1.540130615234375,1.3236746603213592,1.6262020499440102,4.37592075266337,2.056285007941563,225,0.04590732284988857,3.7250595406993217,3.3298412806021354,1.1243633329431482,-0.23711292397807493,-0.23264191863929629,0.5316664698123621,1.0939394902168662,-0.8952775431972961,2.2111488978068046,1.9151676875251638,1.217550277709961,0.7337446212768555,0.7302455306053162,0.7305153608322144,80.68896484375,39.62025675678871,9.09558724396267,6.395886005501042,0.0016613006591796875,0
0.5448112487792969,-0.1494693011045456,16.76900863647461,1.535281777381897,0.017075413838028908,3.087419033050537,1.242199918523057,1.8384201325997975,6.006701270809293,2.039769395798509,225,0.04469336966176889,4.823654802662991,2.672837058873988,1.6950457451843086,-0.1461464177197087,-1.2346801603252138,0.5389151183688625,1.1084816256982741,-0.7342677687945702,1.7835858662923183,1.5592494587598829,1.0146903991699219,0.5391703248023987,0.5295155644416809,0.546065092086792,150.72618103027344,55.26746916535021,8.102843818365143,33.68983820796263,0.0005445480346679688,0
0.4518224895000458,0.0045821210369467735,7.439016342163086,1.431532382965088,-0.019268259406089783,1.7242202758789062,1.208145976454826,1.8292352420164912,6.347836400621128,1.96780176208276,228,0.047373244962948646,6.097201117743598,2.826721277056778,1.3899448162060515,0.05593678303262176,-0.824248003349505,0.5130680709971487,1.0387988905774466,-0.9344810706088089,1.6939029693603525,1.533885521144447,0.8687858581542969,0.44777676463127136,0.4411254823207855,0.4374423325061798,94.21009826660156,35.719531173527166,5.616833842831569,10.245399110804053,0.00031280517578125,0
0.4661157727241516,0.2052467316389084,20.837007522583008,1.4058401584625244,-0.03524668142199516,2.802412509918213,1.172645121560993,1.9863140526917251,7.3818025595626615,2.0073533085149515,219,0.04820008623707357,5.196394375070799,2.596578247358619,1.666926034165183,-0.14189047485174722,-1.1556134759028498,0.5075157631546577,1.0182720786120745,-0.6816665292082247,1.5839878718058273,1.408136367557762,0.8306217193603516,0.4625921845436096,0.45398589968681335,0.4469638168811798,113.61348915100098,74.73635726085742,7.608555045817609,13.087027865299875,0.000316619873046875,0
0.8249279856681824,0.215602308511734,12.595514297485352,2.0594887733459473,-0.031092781573534012,1.7633261680603027,1.3366103818991908,1.8146494930200454,5.080350514283111,2.133932680104849,231,0.04881070062972338,3.5635772697169976,3.34850667349549,1.4506799555700458,-0.4104377498283992,-0.8198929905645707,0.5341588371234116,1.0941633712554586,-0.706475119100991,2.695736885070802,2.306486831060583,1.4578685760498047,0.822198212146759,0.820681631565094,0.8199573755264282,58.67224311828613,28.75907667048047,6.804185738094474,7.775764551798812,0.0015115737915039062,0
0.35899877548217773,0.26009073853492737,16.807828903198242,1.2472155094146729,0.018062280490994453,3.0761027336120605,1.2136812241448454,1.627804671699524,5.3030697394183335,1.8980388825440482,225,0.0484183966510777,6.530062843068093,2.4788432425988867,1.238600478459961,0.27739466892666326,-0.38003053689242217,0.5079277888314951,1.0274198523252527,-1.13386210619239,1.1469208399454762,0.9927806367699312,0.6651439666748047,0.34679195284843445,0.33727338910102844,0.3453550338745117,84.27198886871338,49.12389962225961,6.142780629304937,15.63164196498771,0.00034618377685546875,0
0.5888242721557617,0.40872472524642944,30.59744644165039,1.4662814140319824,-0.011734675616025925,3.955890655517578,1.2663382857440904,1.8066200840817086,5.527536919672395,2.0511129643819825,222,0.04795218393675846,3.828638157003806,2.464900503608752,1.479405760412756,0.3222917590179949,-0.8204942248942491,0.51473479459898,1.0382757905390438,-0.6483575245425985,1.5449120203653977,1.3238040116489689,0.9294338226318359,0.5862484574317932,0.5784445405006409,0.5750850439071655,106.83799743652344,55.82028135711708,10.049859221860743,14.28289113261111,0.0016040802001953125,0
0.763012170791626,0.08779308199882507,17.941238403320312,1.671661376953125,-0.12592118978500366,2.986726760864258,1.3609752804389865,1.6595865010464845,4.404014481833808,2.1457668901101905,217,0.0476560416405273,3.839195137732971,2.870572587053652,1.7054591361697264,-0.3053483263108595,-0.941527203358294,0.539382421000403,1.1043335213833534,-0.5302161970969852,2.3118114471435556,1.9974433056204903,1.3036079406738281,0.7590675354003906,0.7554487586021423,0.756618082523346,50.31977367401123,39.03695097885867,10.973728172263483,9.04691573526278,0.0035181045532226562,0
0.5478290319442749,0.18837907910346985,11.228044509887695,1.5700849294662476,0.005585664417594671,1.6841611862182617,1.322478471861301,1.6357425322409067,4.525709843358277,2.025382380649276,236,0.048435951061279445,5.1127900385457625,3.3540199684802907,1.2002803812573468,-0.2199298767203467,-0.054877649973659626,0.5324486209080916,1.1013078389952726,-1.0733938272690122,2.242334047953289,2.0059400196752035,1.3151874542236328,0.5420658588409424,0.5339928865432739,0.5351189374923706,92.80076217651367,54.852419089528645,7.785536529499167,12.74252409119689,0.0013074874877929688,0
0.5909363627433777,0.25265586376190186,17.383108139038086,1.47401762008667,-0.037199024111032486,2.942326068878174,1.2527142693848967,1.9867236283582304,6.681514118491512,2.0903906919396955,220,0.046798228046310245,4.634110650611346,2.8652558119647145,1.486378242042598,0.07798629033323363,-0.9934243071121687,0.5220539935038665,1.0632918356174437,-0.8543656592490181,1.9421211878458668,1.7465501475589116,0.9619998931884766,0.587916910648346,0.5821109414100647,0.5785994529724121,109.3301191329956,41.169539923409225,3.639259032620392,6.69036798082336,0.0012178421020507812,0
0.4457992911338806,0.12363254278898239,11.526439666748047,1.4886435270309448,-0.03195951133966446,2.605553150177002,1.2130196021048203,1.7429407195363085,5.773107200949569,1.9357129784524925,226,0.04575237890731183,5.483141924914159,2.7766292066136367,1.271704652329472,-0.08635123988759681,-0.6388589416798731,0.521429023449329,1.0672579201531922,-1.1035328091062666,1.4383865992228195,1.2437212877222763,0.8572139739990234,0.4322434663772583,0.4265599250793457,0.4305760860443115,111.39280033111572,60.43722439445149,15.626006754218995,15.657189050226403,0.0007467269897460938,0
0.5758310556411743,0.2095121145248413,8.74261474609375,1.6589099168777466,0.031513046473264694,1.8373117446899414,1.2589045719934693,1.7654241667102817,5.514159735936548,2.02715763643251,210,0.046517073711422774,4.935464309633857,3.4706891653061476,1.2174509900417565,-0.5554594577541117,-0.0941625876444423,0.540463817415919,1.123698156931512,-0.9962124760380271,2.333536783854168,2.0786626969335225,1.239990234375,0.5795891284942627,0.5614316463470459,0.55572509765625,111.72595500946045,63.67296772402228,14.195317889205173,12.063296367968007,0.00045299530029296875,0
0.5084705352783203,0.01826888881623745,7.063716888427734,1.5951931476593018,0.0017107728635892272,2.0744457244873047,1.2556354042656668,1.6975890805257836,5.2824252499318405,2.0036022605661277,211,0.043777277067659166,5.277564087918229,2.947066346659689,1.4505309750627728,-0.2160088737943934,-0.7225958783617141,0.5306972233151921,1.0936092274204354,-1.025297374014327,1.8664792378743498,1.6579112193992016,0.9515800476074219,0.4994540810585022,0.4918568730354309,0.4979802072048187,100.218337059021,53.80522599504793,8.524689664438837,14.47534416800964,9.34600830078125e-05,0
1.1541191339492798,0.027651196345686913,11.94295597076416,2.163360595703125,0.04033391550183296,1.4315075874328613,1.4453712961899312,1.473029176179324,3.2366587245615266,2.1726498573854593,217,0.04437969748893401,2.597236254705705,3.8956492890065144,1.2227698578587058,-0.8114778525195963,0.41543508150439434,0.6075766748950815,1.2792325272253882,0.26828901148789575,3.89513397216797,3.300190282105755,2.3323326110839844,1.169032096862793,1.1595945358276367,1.14236319065094,123.43808555603027,74.74323964497255,20.436327706314554,13.617942938462814,0.008581161499023438,0
0.7657827138900757,-0.08840692043304443,5.844635009765625,1.956315279006958,-0.007902069017291069,1.1380987167358398,1.3804393590438302,1.532189920799199,3.791000937213359,2.0865395987163207,223,0.04891993024753994,4.184706217942746,3.7149874196281587,1.1943758572162972,-0.32777997966641725,-0.5370740861435506,0.5500792027040406,1.158662838370222,-0.8584806425731535,3.10760529836019,2.869708728985924,1.4625873565673828,0.7582883834838867,0.7564162611961365,0.7430698871612549,141.6510763168335,70.90693412874575,11.499134609242802,20.441569121283205,0.003009796142578125,0
0.48343056440353394,-0.13425473868846893,9.226716995239258,1.4205044507980347,0.028844593092799187,2.3940134048461914,1.275693841152549,1.8225958641988822,5.836573077398519,2.060264522897181,221,0.05254778306695608,5.808074448877864,2.695859689479656,1.6462998133944309,-0.026056348441489442,-0.922257111083471,0.4950288114715291,0.9797932255606966,-0.4386784918235369,1.8937314351399748,1.7672982938907895,0.9178466796875,0.4808802902698517,0.47715362906455994,0.4772568345069885,46.28463363647461,43.41836069381817,3.927723685291687,7.799382911510292,0.001010894775390625,0
0.46109336614608765,0.2890297472476959,18.085186004638672,1.482007384300232,-0.006746596656739712,2.7229042053222656,1.2696899517117466,1.6602282369045143,5.019891765667005,1.9903820901973324,231,0.042166107368787197,5.351623357428203,2.4367092279289504,1.429995096563244,0.28577041169102524,-0.671062039962302,0.5001266921379749,0.9980376699319858,-0.6898476163350113,1.3739159901936855,1.1971552398523748,0.7199249267578125,0.4574832618236542,0.44535818696022034,0.4474152624607086,63.3612117767334,66.92401619922941,9.819587823638724,10.579008616196711,0.0004978179931640625,0
0.4042174816131592,0.11004681885242462,13.825639724731445,1.1780476570129395,0.14620846509933472,4.479363441467285,1.1986512439485264,1.9361425627686868,7.01604283388121,2.037725699927868,221,0.04679995571859834,5.905086392992857,1.9456002780142647,1.8931983636628273,0.3845464375817113,-1.3121041310903871,0.4658721667442676,0.8903749396839212,0.3926144683010393,1.3369747797648117,1.2065270337290468,0.7706356048583984,0.39934241771698,0.3956136405467987,0.39324313402175903,98.62529754638672,86.70176482547807,4.205434024108073,4.46341603836276,0.000720977783203125,0
0.275157630443573,-0.03385519981384277,11.014259338378906,1.0781830549240112,-0.038102224469184875,1.1143403053283691,1.09536184324791,1.6303661510807623,6.510462645779443,1.7581660710842029,224,0.04704049105609068,9.455890883107994,2.679430161875873,1.1245960657972085,0.01694844770049704,-0.616040237016092,0.485265217850482,0.9597651032050457,-0.9153419258942805,1.0763330459594735,0.9828028359557341,0.5131816864013672,0.2703636884689331,0.257302850484848,0.2583717703819275,50.32516384124756,38.85279918123025,6.134789299373418,8.915124031311862,0.0,0
0.4266805648803711,0.11832424998283386,16.686914443969727,1.2430535554885864,0.02505471184849739,3.037799835205078,1.180337616855558,1.8804003325282173,6.894278361257614,1.9802281199104759,226,0.050213885017760904,5.8215981434029125,2.549310212328529,1.5937551999389374,-0.03655179605613162,-1.0420260011400269,0.5037616075224359,1.0081884669384764,-0.6914086325787334,1.4768673578898117,1.3174704471248053,0.8309268951416016,0.42252999544143677,0.41380903124809265,0.4109935164451599,117.5159387588501,61.14891142804583,7.312878980388906,8.792849659066096,0.0005178451538085938,0
0.7851273417472839,-0.3991866707801819,12.75466251373291,1.9772717952728271,0.08996762335300446,2.042623519897461,1.3940177458918888,1.5582764084345948,3.8298325442868544,2.139673943545187,213,0.045230490256312234,3.592884286393751,2.9936680004763767,1.6748464346516736,-0.3302262481791829,-1.0421592336403445,0.5414985124856618,1.1086177567901916,-0.5072234989329751,2.470952669779461,2.1188274788060495,1.399160385131836,0.7842239737510681,0.7793712019920349,0.7790935635566711,76.69241523742676,61.40798804789781,7.614317833091273,13.443119611143121,0.0031919479370117188,0
0.735774040222168,0.04968072846531868,17.031423568725586,1.8696035146713257,0.021081143990159035,2.548842430114746,1.3497369601991305,1.7572398171346488,4.77507104551511,2.134331176136389,222,0.0455677974964214,3.8560823730340053,2.9127450475099024,1.5666627335599415,-0.09708234192996724,-1.1477041261273653,0.5370986837972666,1.0973706615448777,-0.5122720471627975,2.2246262232462573,1.9027911649894822,1.1883831024169922,0.7303898930549622,0.7312624454498291,0.7266661524772644,105.84736824035645,56.58881117671126,10.169867257844817,9.81668059452537,0.0028820037841796875,0
0.4637332856655121,0.03131106123328209,5.400188446044922,1.5086584091186523,-0.014769756235182285,1.0990839004516602,1.231459864579333,1.7316817216798521,5.586108797179476,1.952773371645278,228,0.04662282734637126,6.0767973508460695,3.4000269034906117,1.1270620730618766,-0.0372240932339749,-0.5568583111336762,0.523540323237273,1.0738411089823612,-1.122334031026562,2.071450233459474,1.869354442930441,1.2002315521240234,0.4621662199497223,0.4500111937522888,0.4507608115673065,75.26164531707764,36.44160112885153,6.800813466959296,6.777660500740298,0.000102996826171875,0
0.9157176613807678,-0.10542992502450943,8.775760650634766,2.068920850753784,-0.0400790199637413,1.4031667709350586,1.4005198306488456,1.635447769774935,4.071403583136411,2.1516726282790763,222,0.04885349099355915,3.2644893519886127,3.8170890328285303,1.278901055146449,-1.1489270525028619,1.253472631706246,0.5504591578703487,1.1457033096711908,-0.7562898538100122,3.3685620625813812,2.9260718105975507,1.73809814453125,0.9127188324928284,0.9118108749389648,0.9159511923789978,77.75851726531982,42.30509938591095,7.339549973636439,7.100143804394128,0.0029468536376953125,0
0.4353034496307373,0.09151144325733185,27.909765243530273,1.4171885251998901,-0.06188409402966499,2.1024961471557617,1.2161888848038793,1.8391672352439956,6.205513750001252,1.9924819217920557,212,0.044520763241592654,5.520420161239736,2.5971318773302707,1.3278640283997285,0.12963502126932816,-0.5578677996573274,0.49103128581376415,0.9669586507865973,-0.29525155260893277,1.3644892374674484,1.224762820203659,0.6819915771484375,0.43157491087913513,0.42416131496429443,0.42572513222694397,51.941139221191406,47.707546206553545,9.932923819131577,10.235294493892672,0.000823974609375,0
0.42841029167175293,0.0880964919924736,11.073273658752441,1.3228620290756226,-0.07312478870153427,1.9184370040893555,1.2247415992165698,1.852286010034003,6.354798118255578,1.9817524763303107,225,0.04864334144418241,6.574002629964971,2.6630287312498657,1.4165927858276819,0.14121433850397466,-0.5523166247887983,0.5177193002715834,1.0537418563103458,-0.9929751472955477,1.5650517145792648,1.4061089935994437,0.8270702362060547,0.41585326194763184,0.4136021137237549,0.4116517901420593,106.45315742492676,70.64234479874231,8.509172447368485,9.586050753237723,0.0007562637329101562,0
0.4084131717681885,0.01754005439579487,15.53738021850586,1.2149081230163574,0.10193590074777603,3.845245838165283,1.1267326696321915,2.01824599758939,8.883425049278102,2.018160009820612,216,0.04752188545731181,6.9853565504262285,2.1264865755856066,1.545797761201986,0.7022248996976961,-0.3456413809114145,0.4904167284843656,0.9669767029998834,-0.4026185264791793,1.3803764979044602,1.2351832930799866,0.7505207061767578,0.4048004746437073,0.3970017433166504,0.3970453143119812,66.03945350646973,66.71821613184606,5.384290264681771,10.57674507768928,0.0011997222900390625,0
0.5417901277542114,-0.1183687299489975,9.722379684448242,1.5553008317947388,0.018503565341234207,2.56843900680542,1.2855718283691375,1.7889240483358633,5.56246199623766,2.0783164989039635,230,0.04797132498910952,5.209569053532983,2.7846704642070406,1.6581078186493687,-0.19095365236593562,-0.9882465211499905,0.508455677131266,1.0180351614590386,-0.5409756244282131,1.9590682983398446,1.7461622695965688,1.0352020263671875,0.5414938926696777,0.5345755219459534,0.533265233039856,50.008538246154785,50.8648643853204,6.360901766884752,7.58090487892422,0.00164031982421875,0
0.6993222236633301,0.3450632393360138,14.728588104248047,1.9056003093719482,0.008570808917284012,2.1286873817443848,1.303063724789529,1.675882454320508,4.723491469199834,2.0540906215586694,214,0.04425152931379708,3.9699048665477052,3.098220937786949,1.4184570671170615,-0.2419641647451291,-0.8145692179166115,0.5474571379030571,1.138819555875195,-0.8086894632798454,2.163781166076661,1.8269659766800552,1.2262287139892578,0.6987638473510742,0.6875662207603455,0.6811583042144775,140.67121124267578,46.013695365593996,16.84549395632017,11.958915885545217,0.0009593963623046875,0
0.621178388595581,0.06912271678447723,6.390110969543457,1.6704001426696777,-0.06258387118577957,1.152254581451416,1.2988097542112762,1.6740963501815718,4.882292493965007,2.024252158853248,226,0.04550936810395219,4.675832613163676,3.637276038543102,1.149111193031696,-0.27565001008149387,-0.4651073812893429,0.5454254079880556,1.1431383593293567,-0.9665778844457011,2.665316899617514,2.386252432791204,1.6142349243164062,0.6133349537849426,0.6044612526893616,0.6079065203666687,144.536470413208,44.62414202999027,13.828845694246532,15.712643431879972,0.0006313323974609375,0
0.4011441767215729,-0.5349259972572327,21.393762588500977,1.2707058191299438,-0.056901827454566956,4.591128349304199,1.2120569301334398,1.9663628094144099,7.072441654401334,2.031498406208042,212,0.04717549718967165,6.201938572550608,2.0243561965512638,1.7017920914893667,0.40921353212075406,-1.0448039354861842,0.4841168968598245,0.9452949167940662,-0.11052088857364684,1.2538963953653979,1.1101742695101084,0.7255802154541016,0.4000610411167145,0.38937678933143616,0.38354530930519104,120.99684238433838,32.0700370235178,6.892911824318283,6.76242764123546,0.000637054443359375,0
0.4235561788082123,0.028937239199876785,5.026785850524902,1.4305331707000732,-0.02450546808540821,1.5041532516479492,1.1461643608265464,1.919769842484232,7.621879888993686,1.9362571060031675,218,0.046302594940621784,6.38666236599383,2.9069222058735327,1.4999540041954278,-0.49140730225443635,-0.5753941708812236,0.5003816457131849,0.9998178431878502,-0.7591380199799764,1.672576268513998,1.6094119500949733,0.7154922485351562,0.42209774255752563,0.41561034321784973,0.41559457778930664,67.92431831359863,53.611857104590186,6.809549953760156,7.8849661304049175,0.0,0
0.5032771229743958,-0.01991899125277996,5.0909929275512695,1.607537865638733,0.0057961605489254,1.3233165740966797,1.2339207504495393,1.7406355249284662,5.592935781277857,1.9900010537312172,210,0.04334192970461244,5.410122071035008,3.3539265988233313,1.2914374365138028,-0.5994003187991404,-0.10340239336112456,0.527227908232583,1.083633189888122,-1.0638928350522523,2.1292975743611664,1.9283541101652089,1.373617172241211,0.4974590837955475,0.4932105839252472,0.49243730306625366,146.48250198364258,42.881186002291265,4.2490936029825175,6.651353659498175,0.000392913818359375,0
0.49665969610214233,-0.1202802062034607,12.094226837158203,1.4236118793487549,0.08338059484958649,4.617106914520264,1.2439786407731617,1.9521418583492145,6.447459715266806,2.0782262723103178,222,0.04869652309534963,5.049218751431242,2.3346445587893636,1.7396419294918177,0.13188861683595723,-1.2963421137292577,0.48925172826377317,0.9590725029597602,-0.140867446748298,1.5227155685424811,1.3342681978990651,0.8640499114990234,0.48970872163772583,0.49066805839538574,0.49612322449684143,40.611183166503906,34.897929127166925,3.8701391497940465,9.015247191396924,0.0008640289306640625,0
0.3163416087627411,0.12708668410778046,18.268817901611328,1.0369231700897217,-0.166010782122612,5.244794845581055,1.162136455022231,1.6795506972961731,6.081376667141436,1.918162960856634,224,0.04868378036625449,7.156374896044287,1.8023897090617984,1.5695923592204346,0.5108622100839937,-0.7757516407710332,0.455433042830066,0.8675223577463097,0.1567373355003321,0.907870292663575,0.8032299266557509,0.4896068572998047,0.30534565448760986,0.3025616705417633,0.3080810606479645,33.21353340148926,38.174328901543895,6.510251929200377,7.536214964814497,7.05718994140625e-05,0
0.3605063557624817,0.1842692792415619,8.907923698425293,1.1950684785842896,0.020356252789497375,1.1592445373535156,1.1481564741935526,1.7377344366864105,6.480592836492306,1.8333265911535623,226,0.04945904044977768,8.047445244611515,3.058290137714952,1.1563456011364974,-0.052722127918389414,-0.4667175938522483,0.5137102236323573,1.04632451485872,-1.2453371895465601,1.509360949198406,1.3692654229779082,0.8205661773681641,0.3464083969593048,0.3383136987686157,0.3407934904098511,88.1158800125122,50.69183214948576,9.934750897487058,7.450732496022314,0.0,0
0.6462298631668091,0.00744766416028142,23.606725692749023,1.6636197566986084,0.01894759014248848,1.9362130165100098,1.34154426990428,1.6833337827463906,4.536413958147993,2.079775188574737,213,0.044105798293270604,4.549926243344341,3.3574090419309703,1.3140221170966968,-0.3902504681515131,-0.24760002850383556,0.5411269249154237,1.1265097003890792,-0.9735902678093433,2.4060484568278007,2.172527414315793,1.2420387268066406,0.6321767568588257,0.6329327821731567,0.6321248412132263,108.57281303405762,74.28814502678564,12.75941429422947,9.85005680494798,0.0022525787353515625,0
0.6623419523239136,0.23293983936309814,13.1317138671875,1.8119866847991943,-0.011149948462843895,1.938772201538086,1.3546695990924684,1.4601094179270013,3.467871189087047,2.0482907774588637,229,0.04730978907257431,3.7165362332673926,3.125815977864688,1.47840738256837,-0.39065211875084516,-0.5867314267613515,0.5316850378702656,1.0905617738667326,-0.8244782221189273,2.2736002604166674,1.9970248143520684,1.3845787048339844,0.6597955822944641,0.6548194885253906,0.6526138186454773,84.28205490112305,70.4984171302165,6.979514578765712,7.664257106604683,0.0020189285278320312,0
0.5743662118911743,-0.1699288785457611,10.252547264099121,1.4949591159820557,0.011897117830812931,2.9740066528320312,1.2827521788601555,1.7027267808143027,5.231030268419973,2.073687588171576,228,0.04928399046893659,4.775859405663879,2.7590928496445986,1.725341242434675,-0.1793708114543224,-1.130032125629361,0.5195954509318216,1.0493134626844554,-0.5990647378795075,2.071958223978679,1.9020291299807226,1.0461406707763672,0.5657525062561035,0.5654157996177673,0.5667908191680908,55.97703552246094,47.99182795473972,7.917622713205206,8.527418956374774,0.000858306884765625,0
0.4186963737010956,0.31072914600372314,12.879756927490234,1.3230677843093872,-0.0022841203026473522,1.8862624168395996,1.2388571089989562,1.663582258535286,5.123806520679805,1.9343984244499837,226,0.0467789350438959,6.7606178565000725,2.9877296016003427,1.3614421044799356,-0.24743353192226158,-0.4687806798391345,0.5197768331029962,1.0620770431685225,-1.1055689321294295,1.695734977722169,1.5259039407698032,0.9558887481689453,0.4037756323814392,0.40105995535850525,0.40218424797058105,69.98353481292725,45.5402533948638,11.213581046599666,10.365527238353383,6.67572021484375e-06,0
0.6105963587760925,-0.010372822172939777,11.475934982299805,1.696882724761963,0.01963411271572113,1.565688133239746,1.2777218909110022,1.7649053051705474,5.321979442983666,2.025772408351312,214,0.04683572096902531,4.764152836907124,3.396457469629882,1.1946471553113607,-0.31043682653102067,-0.4165267784026647,0.5371135966720262,1.1133378296271936,-0.9947258349204229,2.2540839513142914,2.0467162547112268,1.0854434967041016,0.6059890389442444,0.6000021696090698,0.6017451286315918,115.10101222991943,50.56239052783653,6.396414611255942,13.148731655776908,0.0011034011840820312,0
0.5712936520576477,-0.017440808936953545,11.57174015045166,1.6635938882827759,0.03719295561313629,1.3536252975463867,1.304565943389793,1.6900506189059232,5.057941474800707,2.064184730073584,233,0.04664060187449183,5.248853762817845,3.0573039167586247,1.4047301233290277,-0.1473420703470397,-0.6074810085062432,0.5252913179187033,1.071271765994491,-0.8069300088441076,2.1780557632446302,1.9650679774084552,1.3172245025634766,0.5666383504867554,0.5624687671661377,0.5659316778182983,67.91399478912354,40.19556967477711,7.1549091651007775,10.63573268708157,0.0019884109497070312,0
0.7643877863883972,0.3916705548763275,19.61707878112793,1.837667465209961,0.014273406937718391,2.259406566619873,1.3579488641847752,1.6247831545888425,4.161380429184144,2.093768198319822,224,0.045354468983595006,3.5759821318898206,3.0758014154443947,1.511073395834488,-0.2598838083852142,-0.8344108173571487,0.5501390390373935,1.1457862293895438,-0.716895268930462,2.3417536417643237,2.00322242756181,1.245849609375,0.7653710246086121,0.7550379633903503,0.7404274344444275,153.6543321609497,51.82739964426483,8.90112307197307,14.417205762699917,0.0025815963745117188,0
1.2397336959838867,-0.4151053726673126,23.876279830932617,1.9938783645629883,0.07683652639389038,2.964229106903076,1.4756407005515955,1.633865349396558,3.9557206168760253,2.309625927145314,205,0.04903636033092077,2.6642812231478183,2.8340167769853375,1.9206581386639971,-0.27016549080704155,-1.2230510219076318,0.5652637334114351,1.1371816460988993,0.8024936385406054,3.3351933161417655,2.86268297940447,1.8229923248291016,1.2391743659973145,1.2409197092056274,1.2379242181777954,41.53669357299805,43.005664121687495,6.757314981095921,6.755348657110264,0.009759902954101562,0
0.5522167682647705,0.10506921261548996,13.29629898071289,1.7556908130645752,-0.03084520809352398,0.7663958072662354,1.2611232371582466,1.7290024181848294,5.390080876756111,2.007130923299252,224,0.047040085377143416,5.102452096858517,3.399373669422117,1.0362449617051628,-0.022411956024121795,-0.04491894077159575,0.5330453107797903,1.1016053696020889,-1.040440023407538,2.1310065587361664,1.9351065027187182,1.0853404998779297,0.5465579628944397,0.5383798480033875,0.539933443069458,80.26281547546387,34.24346344639609,13.855028628381891,6.611793917171447,0.0015888214111328125,0
0.6174423694610596,-0.09734469652175903,9.2868013381958,1.5732635259628296,0.10239332169294357,2.342517852783203,1.3363165520802065,1.7850763458928245,5.057496301993298,2.0931160062208187,222,0.04557301995004431,4.814289906496219,3.0906384881977376,1.666808511520225,-0.3035282809025459,-0.981732901239635,0.539578720969119,1.1108351336589701,-0.7510091748809873,2.464400609334311,2.2572588448657065,1.2712669372558594,0.6135983467102051,0.6068499088287354,0.6070483326911926,81.05114269256592,74.7206766309853,13.966197059842424,15.358973563734756,0.0023012161254882812,0
0.6855766773223877,0.16750799119472504,10.941193580627441,1.7291128635406494,0.1367894560098648,2.451192855834961,1.3263504428623458,1.747294779498789,4.858663019271359,2.102851149083827,231,0.04769833452981753,3.7849912489763398,2.937012380172541,1.6825099646933923,-0.25711333927171237,-1.1333031550047648,0.5374766244320266,1.102103818830362,-0.6710934860302573,2.274284998575847,1.9633186424332258,1.2820014953613281,0.6882339715957642,0.6767304539680481,0.6698943376541138,110.38845729827881,62.77816656926065,8.020437500199083,10.935774082754023,0.001049041748046875,0
0.616106390953064,-0.012878847308456898,10.482324600219727,1.766062617301941,0.07188381999731064,1.2325282096862793,1.250476341434913,1.683419923508553,5.284507380702374,2.0134707681985375,227,0.0472710526103608,5.163602497491935,3.467076187177687,1.2109667657141028,-0.6372809266282596,0.09886068499110845,0.5395536368949059,1.122237145710607,-0.9733839153557504,2.338248570760092,2.0819793605518027,1.3328399658203125,0.6136003732681274,0.6086311936378479,0.5985456705093384,140.39635848999023,56.66584800605444,8.329283373026108,14.550149569431174,0.0007505416870117188,0
0.5387821197509766,0.1416022628545761,9.988449096679688,1.5463111400604248,-0.03520969673991203,2.8279519081115723,1.2795770782424114,1.6630499340128522,4.83977454185122,2.0124590366115975,216,0.046300007407971334,4.835225416329323,2.73241671662775,1.5611592234008416,-0.1959110924974021,-1.0098815904112803,0.538356204058504,1.1141152922608684,-0.9434170581544667,1.7578061421712246,1.549248161393363,0.9768409729003906,0.5270074009895325,0.5255208015441895,0.5186112523078918,125.98754024505615,70.96902890547956,15.244112416032273,9.21740543827848,0.0002765655517578125,0
0.9564749002456665,0.5528203845024109,23.416900634765625,1.9966294765472412,0.12437690794467926,1.6531982421875,1.361138778039772,1.7660205626566654,4.828263108345629,2.176896155097262,217,0.04659535069942526,3.3963189969475973,3.338115271267334,1.2497970637962217,0.16959076023474537,-0.6524035445863414,0.5654503056850174,1.1840373698490936,-0.4201868703691658,2.8963696161905936,2.4689361286496245,1.6257457733154297,0.9463719725608826,0.9588901996612549,0.9443838596343994,100.73301029205322,63.583633081718006,13.3168475294857,15.156175095956359,0.0074520111083984375,0
0.5948891639709473,0.15416860580444336,11.412503242492676,1.5215750932693481,0.16302824020385742,3.658365249633789,1.2724268760681234,2.0073392904335097,6.674613114116495,2.115843940247319,214,0.04521976326040142,3.9660485017147087,2.2818490004768757,1.9959364354220526,0.06391648888174409,-1.558577796533537,0.49584511041815965,0.9692338286524695,0.1790085195550435,1.810975392659506,1.5806154925499865,0.9784660339355469,0.5948675870895386,0.5888751149177551,0.5855870246887207,60.341078758239746,68.94454012053356,7.719586054712431,10.457648262158878,0.00092315673828125,0
0.6022701859474182,0.14294934272766113,8.644932746887207,1.7569266557693481,0.013923685997724533,1.0135159492492676,1.2450215925633823,1.7792187141272493,5.806092021341529,2.043846838890149,223,0.04618353292200166,4.741548179685632,3.5932494807184954,1.0997358260759034,-0.43637379720440606,0.15903146415801883,0.5342006377915034,1.1045701713291967,-1.0123236897809471,2.4605979919433603,2.1806678947965765,1.410430908203125,0.599328875541687,0.5959509611129761,0.5843474864959717,145.5497646331787,65.14020328056296,9.046731830290152,9.4677204328738,0.00128173828125,0
0.5458860397338867,-0.14836101233959198,8.347291946411133,1.6457184553146362,-0.009211398661136627,1.749532699584961,1.2433982431000188,1.815623878618529,5.983608897630031,2.0323279901439295,219,0.0468845928903468,5.199174726923827,3.1672058295806025,1.4640602557862075,-0.5284988546513312,-0.4180646760841906,0.5286792495074206,1.0849880604497544,-0.9580190300342175,2.119927724202475,1.898247296298959,1.1126823425292969,0.5389597415924072,0.536258339881897,0.5403348207473755,101.26976013183594,63.91673750554786,6.370059193681845,10.210826390292887,0.0006275177001953125,0
0.36527493596076965,0.037739768624305725,8.032100677490234,1.2238068580627441,0.03263486549258232,1.815394401550293,1.173484161517808,1.677063109609835,5.92165403545283,1.8853762054425893,228,0.05035214544772898,7.266377882956403,2.830960619698285,1.4277353116106832,-0.22378048245231405,-0.8565488523501155,0.49930721862415717,0.9996548895698014,-0.9418821342013008,1.4831724166870128,1.3503315342064512,0.9277362823486328,0.3551599979400635,0.3555596172809601,0.3621147572994232,47.97047519683838,28.720129582915323,4.729322306976109,5.675835518066906,0.0,0
1.421539306640625,0.1704465001821518,6.763692855834961,2.3180291652679443,0.009193819016218185,1.2302055358886719,1.4524910392591515,1.662074018213908,3.9141586441937015,2.2257260253770044,211,0.04441281574540409,2.510481406446633,4.107525585333008,1.327351949267378,-1.1662181382407604,0.8173548068833991,0.5865960987473308,1.243148761559337,-0.32780399622691414,4.821759223937989,3.970431928059862,2.6246509552001953,1.4222604036331177,1.419858694076538,1.398942232131958,99.26489353179932,63.82089451607165,9.148827619670179,11.412255844184829,0.011440277099609375,0
0.5041126608848572,-0.12271706014871597,24.20098114013672,1.3906525373458862,-0.014328939840197563,4.9004130363464355,1.3042089740165606,1.7180816474486342,4.927201964045925,2.073158432403001,221,0.05142726415975479,4.802514858057634,2.2107095879420493,1.6122985081218273,0.34871412522220246,-0.9733984547892356,0.49310927836246,0.9702495651044315,-0.18504046120462814,1.3896837234497077,1.1958054590436893,0.7892818450927734,0.494248628616333,0.49707889556884766,0.49934956431388855,63.016982078552246,45.75425946986844,7.51017466470125,6.358541124383646,0.0013799667358398438,0
0.31090596318244934,0.024671869352459908,8.892197608947754,1.1587414741516113,0.03894905000925064,1.7443480491638184,1.0853116989946767,1.756453091734968,7.3368883176632504,1.8218728763005236,210,0.04323135077281177,8.054283118795752,2.5003861752072973,1.315401768684663,0.07602678734021638,-0.6802220583913186,0.5008506001683022,1.0058787360829715,-1.0746860991694653,1.1273276011149096,0.9936503757120698,0.6359291076660156,0.30352839827537537,0.2888281047344208,0.2874454855918884,120.30975818634033,55.35940704208929,8.258329688534896,9.250100873447277,0.0,0
1.1436498165130615,-0.13369682431221008,12.379843711853027,2.13383150100708,0.03589939698576927,1.4953269958496094,1.3768931367999995,1.882884227980819,5.176431802225309,2.200798325569547,217,0.04744137502362555,3.0417427684209803,3.531122945756564,1.4143662967951875,-0.2088124372971992,-1.122876353491274,0.5752294362656226,1.2087419185576957,-0.3845168827193026,3.478370666503908,2.9051397415828655,1.8265266418457031,1.1366609334945679,1.144243597984314,1.1301355361938477,107.9227876663208,57.75267757184724,13.171300685517204,23.786626196054613,0.007689476013183594,0
0.6782771348953247,0.18686966598033905,6.976157188415527,1.8143163919448853,-0.03713086619973183,1.6788573265075684,1.2984690522226665,1.883823958227019,5.831376615341929,2.093134308632485,217,0.04616362392115873,4.149478259586277,3.488428526810833,1.279329595756885,-0.444657621016972,-0.561977745725657,0.5345262964248876,1.1033377251935081,-0.962019999541508,2.5591087341308607,2.2294439855919013,1.4503555297851562,0.6775821447372437,0.6711541414260864,0.6702075004577637,60.499006271362305,39.693180464249565,3.939585252592151,9.682422231404416,0.0008726119995117188,0
0.5515447854995728,-0.14003343880176544,35.21548843383789,1.397707462310791,-0.0450131855905056,4.017348766326904,1.316566996292975,1.6117390336610866,4.6541778854334295,2.0716008171497218,212,0.04277593895990919,4.659647905511722,2.238907217699647,1.8967017848470666,0.17090193584220978,-1.351355114137445,0.5099239953957266,1.015329820603064,-0.23682946080065115,1.7570838928222663,1.5721965133130364,1.0621910095214844,0.5477680563926697,0.5409656167030334,0.5411920547485352,128.24024772644043,46.59518652758631,13.358389097414802,10.524685841024047,0.0020046234130859375,0
0.825864851474762,-0.28897935152053833,22.3021240234375,1.7858601808547974,0.006303672678768635,2.157654285430908,1.488971609824974,1.3920405664537345,2.7051330423000435,2.151171288022244,207,0.04705764512883199,3.2831631681075395,3.2522455231666543,1.4907799472248173,-0.23637771945374234,-0.7417164087613934,0.5316324448931379,1.0843566654913066,-0.6003103144045041,2.8474680582682304,2.541805436424375,1.4745445251464844,0.8247963786125183,0.8209582567214966,0.8194421529769897,71.24518203735352,56.4756868228601,6.475832659731421,7.868856741462039,0.0057659149169921875,0
0.6641651391983032,-0.2083219587802887,7.81097412109375,1.7382327318191528,0.0857931524515152,2.113865375518799,1.3808381852682892,1.4908327761935323,3.539449429949821,2.07628672511784,222,0.04658884546826728,4.187119727714531,3.3441656828109494,1.544047064529839,-0.6568029410590706,-0.30555268823162196,0.5401380624397273,1.1140043459417774,-0.8029332724849643,2.67395051320394,2.385798185264111,1.4368572235107422,0.6690175533294678,0.6531725525856018,0.6536678075790405,70.76235771179199,61.79338244704769,8.384469479094331,13.648074131306265,0.0012731552124023438,0
0.3984232544898987,0.03858993574976921,6.474461555480957,1.2721467018127441,-0.0255685243755579,1.1133036613464355,1.2006639281244789,1.6926704908468997,5.820689631277638,1.8895818127122819,220,0.045754120806083765,7.436662445785743,3.3123549763052327,1.1489711063500991,-0.15062524725844686,-0.612010203487471,0.51955759497366,1.0634332671557194,-1.2035571962071367,1.8275257746378595,1.672168843051936,0.9855213165283203,0.38857781887054443,0.383413702249527,0.3852461874485016,73.83417797088623,46.40548208468869,10.794164820645605,9.351955735691494,0.0,0
0.5304213166236877,-0.0025421904865652323,11.60451889038086,1.6336674690246582,0.052873145788908005,1.546544075012207,1.291635611521001,1.5383591733236597,4.279588379329802,1.9835989397176976,211,0.043911110288093795,4.944213264284641,3.238529207583893,1.225770210663853,-0.312895065559009,-0.0774522659397463,0.5285999387214151,1.0869598775435547,-1.019744405405454,2.037088076273602,1.8061585250388597,1.0953197479248047,0.5212497115135193,0.5216854214668274,0.5274691581726074,58.45001792907715,30.192121549861717,6.076941933799912,10.382469005218283,0.0007801055908203125,0
0.5466710329055786,-0.1251513808965683,13.08476448059082,1.5315243005752563,-0.02977486327290535,3.0181422233581543,1.2578346845252781,1.9951552965769876,6.895033347909168,2.0986023974527854,228,0.050476306870561274,4.9341421007568655,2.574274279279915,1.650383058552733,-0.02163071429755079,-0.9660726635641392,0.5194997112392089,1.0514552429694155,-0.6604979589598701,1.8304303487141935,1.6186747650920172,1.0342521667480469,0.5371391177177429,0.537274181842804,0.5377606749534607,123.23067092895508,80.49077208707081,5.790728948148637,12.79901435263847,0.0025072097778320312,0
0.3691428601741791,-0.08081495761871338,14.528915405273438,1.0674471855163574,-0.004947403445839882,5.010334014892578,1.1852593908526448,1.8685186531189624,6.899910755174066,1.9335902768516546,220,0.04302017051942379,6.729680833113907,2.2856256757158695,1.6114395281656324,0.22481376784462057,-1.13132001869507,0.5068501879167872,1.0206666815405399,-0.9128523357107943,1.2259457906087248,1.0991524857888697,0.7542533874511719,0.360200434923172,0.3447380065917969,0.3427356779575348,171.88843822479248,78.69153876323875,9.125296886009425,9.47010484951756,3.337860107421875e-05,0
0.9277985692024231,-0.010236749425530434,14.677021026611328,1.913059115409851,0.001198770827613771,2.2730064392089844,1.3574253317411016,1.8711134908389295,5.520649932871407,2.193656532327268,223,0.046756544988576274,3.66258161522524,3.4941609884113625,1.4500908585851835,-0.6242060547775887,-0.29547727684044967,0.547086333287944,1.134098159179535,-0.7122373705083134,3.2109740575154633,2.8599855621333075,1.678396224975586,0.9255900382995605,0.9229090213775635,0.9214718341827393,73.15871238708496,51.69665662818989,6.405084022340729,9.609256363754406,0.005106925964355469,0
0.4255715310573578,0.2806013524532318,9.29910659790039,1.5122323036193848,-0.023450225591659546,0.952906608581543,1.169590165976612,1.830862391599618,6.7543925508546465,1.9242152581776086,229,0.04701537255338657,6.79457311458164,3.1580066711107815,1.1083398148678498,0.06212849434264119,-0.2899583971311568,0.5266936419651596,1.085335601677752,-1.172425956471155,1.7279036839803068,1.5368825832534094,0.9885997772216797,0.4207609295845032,0.4050208330154419,0.3965238034725189,147.81440353393555,38.846084545447916,9.525150455092257,17.510941605573045,0.0003414154052734375,0
0.5505423545837402,0.02211197093129158,3.9240036010742188,1.6836531162261963,0.012185031548142433,1.545781135559082,1.2082982450088071,1.843004632632654,6.317833461743877,1.9935726730534578,218,0.04418865306128548,5.306928021719651,3.295958349374073,1.3236279389782792,-0.5807894049065635,-0.2653775423868683,0.5444854843629982,1.1367189557364137,-0.9640467161007016,2.1167074839274096,1.9110908784469662,1.0375595092773438,0.5633404850959778,0.5285423994064331,0.5304218530654907,124.4659309387207,51.120115302513035,19.823061711579363,10.79554520166937,4.100799560546875e-05,0
0.5262009501457214,0.009555132128298283,16.06819725036621,1.3894141912460327,-0.094585120677948,4.1672773361206055,1.2815817820592854,1.7563236604186556,5.475756829261259,2.0752282953025993,228,0.04724204786761333,4.650293984985344,2.436972876957049,1.7996937716734287,0.09231486279412315,-1.3018292347897853,0.5053677979182367,1.0040583669144338,-0.2471639477862504,1.754222551981609,1.5749120613986483,0.9287624359130859,0.5194021463394165,0.520013153553009,0.518425464630127,65.93671131134033,43.19193997971592,7.391746028446466,8.83132741171365,0.0014410018920898438,0
0.27335283160209656,0.015070866793394089,11.641692161560059,0.9827355146408081,-0.03581549972295761,2.153895378112793,1.1105016903209506,1.611085191399023,6.085769837775761,1.8032069759310703,226,0.04601672322650326,9.03132173628627,2.1720533616164746,1.4124314352431755,0.40286027058573914,-0.6039570167499759,0.4747753637926658,0.9277938060769232,-0.6314549217953198,0.973108609517416,0.8612326723470689,0.5465335845947266,0.2680964767932892,0.2548443675041199,0.2578140199184418,85.11401081085205,55.48757794799944,7.598502251512742,9.068468144049156,0.0,0
0.4697628915309906,-0.0971452072262764,9.63597583770752,1.459826946258545,0.03449341654777527,2.5458998680114746,1.2802819492008624,1.7011826674820287,5.280508631329154,2.0307129142825504,224,0.04940899320894172,5.5396948948613325,2.512341316546364,1.70029970183139,-0.03338335404781789,-1.1306674840498616,0.49419397108989727,0.9766055360363286,-0.38894820492699544,1.6409835815429694,1.48157887642794,0.8586311340332031,0.4647020995616913,0.46138638257980347,0.46379411220550537,43.14527893066406,23.525927926649207,6.633369159521554,6.523909069611379,0.00079345703125,0
0.434237539768219,-0.051400311291217804,6.227904319763184,1.4565359354019165,0.011919599957764149,1.118445873260498,1.2149932723779648,1.7273510744999905,5.934198017853618,1.9458161272774628,232,0.04629406620267891,6.741071293996731,3.073666133011071,1.2466160498548982,-0.04899121318560012,-0.25905647424322265,0.5096018749564069,1.030365216708014,-1.015793534110243,1.7927808761596689,1.7066955460355102,0.8006916046142578,0.4298495650291443,0.4244091510772705,0.4244283139705658,61.978219985961914,49.09451391050005,6.375294852307249,7.372601548744022,0.00029659271240234375,0
0.6126418709754944,-0.05316600576043129,12.230921745300293,1.5202771425247192,-0.05573214590549469,2.6401028633117676,1.2847020581120758,1.700574685122312,5.002216642934258,2.048161528210022,213,0.04731419161672346,4.540329486993739,3.0631586611502075,1.4670832562804856,-0.23094206975529458,-0.8647936004404757,0.5436042378381482,1.1308006457271758,-0.9153153043247095,2.092717488606772,1.8382528016044495,1.1436080932617188,0.6056756973266602,0.5950912833213806,0.5981910228729248,121.55604362487793,78.7238186535329,8.1959848423278,21.494668053340245,0.001178741455078125,0
0.4418770968914032,-0.07013033330440521,6.303571701049805,1.320757508277893,0.012208282016217709,2.1560678482055664,1.225088858970212,1.4940329448802818,4.710056460659473,1.9497582137753986,219,0.043533187503618904,6.585204700824441,2.744142796654212,1.6306547709797128,-0.027139083946932176,-1.1694659741318152,0.5247292023159812,1.075216828492236,-1.0351124283216535,1.7759154637654635,1.6211665520387457,0.9157161712646484,0.4176514744758606,0.42472171783447266,0.42975136637687683,95.92931842803955,69.54724294074691,8.39241696788682,16.34877713408387,5.53131103515625e-05,0
0.46998339891433716,0.3871122896671295,21.836336135864258,1.4230293035507202,0.09383118897676468,3.000843048095703,1.2628892548309332,1.7167130540993483,5.13964637650909,1.989521764408587,225,0.04434131340384613,4.9412888681707665,2.633277543171546,1.530535917668688,-0.15372208330510012,-0.8523546572283291,0.514741933927146,1.0419393138938116,-0.8520975802736235,1.529023170471192,1.3397372374896452,0.8281269073486328,0.47029995918273926,0.45528706908226013,0.44705942273139954,118.56014633178711,77.01212728473111,6.76602711961271,8.913651498641627,0.000377655029296875,0
0.5493471622467041,0.020584898069500923,14.412874221801758,1.6688836812973022,-0.033333227038383484,1.8561053276062012,1.3449243609439183,1.5449815530029607,3.790836742452469,2.02108359741795,229,0.0480814330064369,4.570753965230957,3.235596780273354,1.3998602587693467,-0.659747264493524,-0.28745686062225717,0.5265018386092801,1.0802776016000688,-1.0227985591383246,2.0882113774617523,1.8906080001948182,1.027425765991211,0.5480396151542664,0.5396813750267029,0.5390681028366089,99.3822603225708,52.2107603030069,8.307607063720763,9.599030576088605,0.0008687973022460938,0
0.9557656645774841,0.12526801228523254,4.487274169921875,2.1358628273010254,-0.057549621909856796,0.94356369972229,1.3388230364069449,1.7067409752088634,4.749145339256472,2.095511670054709,232,0.048243952958482,3.244351732233958,4.077134130430176,0.9747343440898085,-0.6927053597839989,0.07908970694794037,0.5493721292598026,1.144905391988529,-0.8059018628907406,3.636864980061851,3.393324827823557,1.5719833374023438,0.9541459679603577,0.9528202414512634,0.9535762071609497,107.6350326538086,32.89468537709236,6.045534522509437,4.605563841429357,0.002117156982421875,0
0.7360221743583679,0.23366554081439972,18.628929138183594,1.6749637126922607,-0.023251216858625412,3.8104958534240723,1.397936823451049,1.6506958065421893,4.034968064252753,2.1566128552469275,213,0.04625771584309311,3.543683855206938,2.4719085104054352,1.9426172931440933,0.022777773325621684,-1.4983911509651318,0.52037064396724,1.0404621874780862,-0.15068402516626556,2.1116867065429696,1.824632535901709,1.115386962890625,0.7306738495826721,0.7295352816581726,0.7306621074676514,62.91703414916992,58.47301110259057,8.76320271934399,11.473890748903726,0.0024538040161132812,0
1.6181107759475708,0.47292065620422363,12.300376892089844,2.294041156768799,-0.07646051049232483,1.124335765838623,1.5506561325037909,1.4686268709521249,2.8657850695226017,2.274459744771115,220,0.045454554005563155,2.152671425096348,4.357146610548762,1.1809699527888091,-1.5014306309469556,2.6005867519488266,0.595478365264221,1.263785406353047,-0.14030752437028182,5.755439122517905,4.803437155906395,3.30682373046875,1.6187834739685059,1.6225154399871826,1.5972908735275269,112.56447505950928,56.64784764222494,10.589592642359227,10.976679974709144,0.01688861846923828,0
1.3890162706375122,0.6336285471916199,27.46099090576172,2.172119140625,0.5035030245780945,7.040286064147949,1.1192669204646766,0.3423180754773031,1.0841961582244233,1.6271161548052564,219,0.047124162250718936,4.90243506509476,2.8651827186773358,0.9215382354774269,0.3268328281709797,-0.6330889998849449,0.03404812183466295,0.012990540992689386,856.608392865896,1.7433163324991867,1.0024146255487305,1.2157306671142578,1.4200588464736938,1.402813196182251,1.4388962984085083,40.02778244018555,18.94076199382293,4.872822087915208,4.523317627562902,0.00109100341796875,1
2.619234323501587,1.6051721572875977,57.98422622680664,2.907402276992798,0.6742913722991943,6.953630447387695,1.1338271587878614,0.15837431918028147,0.7211775874723592,1.6120581885569782,216,0.04603773618431395,4.554119094846094,3.3752731801950935,0.9622560876235903,0.20198033627839432,-0.9671004993860755,0.033399878872489096,0.012337693850578863,991.4641425359629,2.790554364522299,1.5983257463129434,1.839071273803711,2.6377291679382324,2.6286652088165283,2.645418405532837,49.869465827941895,28.803752740357325,5.126070869635273,3.511013728257433,0.009104728698730469,1
1.511139988899231,0.6039721965789795,32.386688232421875,2.493647336959839,0.07702796161174774,3.2191109657287598,1.197395262811792,0.4914486127930321,1.107599315142866,1.7478889629558942,223,0.04273696489082164,3.772646813338361,3.2978348565008515,0.9289674761078901,-0.09900512925406194,-0.7686140609780514,0.0656541624890849,0.03882069699338485,281.8170098396464,2.29264259338379,1.4495424327865116,1.5199241638183594,1.5687826871871948,1.5312621593475342,1.561952829360962,123.79277515411377,41.19521507173256,9.22689007417789,8.128595948942216,0.0016880035400390625,1
2.3157002925872803,0.25846540927886963,22.465225219726562,2.857705593109131,0.04239983111619949,2.93294095993042,1.1889804887847812,0.3107584437151868,0.8020514411643265,1.7287485278027772,221,0.04761516798778786,3.7255637573006686,3.580475190759746,0.810174127918344,0.3961847567848471,-0.7093977524879453,0.060137017264562484,0.03355763330321403,328.0655388568123,3.042976697285971,1.7143591347936942,2.1595821380615234,2.343682050704956,2.3291304111480713,2.3573176860809326,61.37442684173584,33.05020944938041,6.0963584579956835,7.8189166616800465,0.008614540100097656,1
2.2366840839385986,0.07906629145145416,12.383962631225586,3.2897095680236816,-0.0914858803153038,1.5392112731933594,1.2625146204508222,0.4917448353398763,0.8476328777498083,1.8393956430961942,226,0.04419294015698875,2.8379025770061217,3.976495591412169,0.7634070352167432,-0.2955617492004755,-0.4195392721775004,0.04666264586379318,0.022103007698969602,499.02770649461826,3.796417872111004,2.409205735922237,2.5716323852539062,2.261922836303711,2.2533609867095947,2.293682813644409,43.983521461486816,25.669328193242603,6.2233483882175085,6.495021079976526,0.008009910583496094,1
2.32834529876709,0.5235601663589478,49.3387451171875,3.1142537593841553,-0.01223326288163662,2.0689635276794434,1.1745980653577062,0.3121905204343828,0.851010831267148,1.6999898686126147,226,0.04826601206494816,3.652757128183061,3.6901828215608243,0.8470161495670057,-0.11400230450264896,-0.6791236293126146,0.05127742793798628,0.025739709899709518,435.40966948842225,3.259459177652996,1.90831986246248,2.259632110595703,2.3502211570739746,2.3470709323883057,2.3788139820098877,48.688530921936035,46.26084131052406,8.368732835982076,7.2058973052315665,0.006316184997558594,1
2.2659199237823486,0.6662837266921997,76.3069076538086,2.798717737197876,0.10235759615898132,3.8194289207458496,1.1757987467987783,0.38295610583805234,1.128911742969791,1.7182526186759235,227,0.046016542496511895,4.37500070907349,3.3858820920791834,1.0184707903962764,-0.000569127436638657,-0.842243156031838,0.07331672491074323,0.047039284143252494,219.4403804224119,2.7653334935506195,1.7987851996656878,1.557504653930664,2.296020030975342,2.2817203998565674,2.3029425144195557,62.952773094177246,37.94096617946448,6.087452300500983,7.244248371700015,0.00782012939453125,1
1.482901930809021,0.1765056550502777,20.779638290405273,2.1950185298919678,-0.0036247363314032555,5.2814788818359375,1.1909108909154271,0.504986177402278,1.2650054566070486,1.7619117100916681,219,0.0474345810824817,3.976278523601315,3.015197444431026,1.0479637365475596,0.32212055011034413,-0.8105641201712062,0.08219945259731509,0.05855913666182963,146.48178039631478,2.070869127909343,1.3032762777837588,1.4171085357666016,1.5221846103668213,1.5019779205322266,1.5472954511642456,99.56646537780762,28.061330142404138,3.9213204876195062,14.836971851999103,0.0032224655151367188,1
3.227595090866089,-0.221721351146698,54.10349655151367,2.5951926708221436,-0.11300025880336761,3.975040912628174,1.2007065208304744,0.31706412821511587,0.915190381005381,1.7504578919465228,231,0.045100330166154494,3.658345322446123,3.315886503964288,1.1415938053547934,0.07311955139765769,-0.9224928025343795,0.14123989122746886,0.13690022046191422,67.25781809429769,3.199154218037924,1.8108502285543076,2.2105541229248047,3.22475528717041,3.250717878341675,3.274948835372925,64.63418197631836,50.27553900601831,10.028745581959026,9.666109477855889,0.015261650085449219,1
2.797840118408203,0.37584471702575684,27.827112197875977,2.597975254058838,0.02695751003921032,5.403303146362305,1.1844656474267707,0.21963867670454762,0.7192132221724474,1.7109569182005278,213,0.043365850774487534,3.848683170629446,3.335871265474053,1.1445043595832074,0.1676585092683488,-0.9875365597967498,0.06386551508364341,0.037908980665307554,261.09409051464513,3.0532623926798514,1.7844391441632728,2.1633663177490234,2.8228414058685303,2.810336112976074,2.8337290287017822,85.49370288848877,31.544429545136428,7.77085700494777,8.003976221216172,0.01744842529296875,1
3.874613046646118,0.40286165475845337,10.863253593444824,3.8169503211975098,0.17566680908203125,2.1032443046569824,1.2111179933622565,0.17311517572119325,0.25328638424934224,1.6806326871902448,230,0.04680725545346387,2.721375723455072,3.9592418130850264,1.0293512250859476,-0.6746779001112743,-0.5695312058714794,0.06593385964046256,0.04015843441638646,242.72568072678385,4.866139094034832,2.601141580674807,3.5189476013183594,3.884988307952881,3.888890266418457,3.9097113609313965,62.16159534454346,22.663591034319857,3.6699014527717777,11.393424057641662,0.033286094665527344,1
2.8470449447631836,0.5193837285041809,10.802724838256836,3.766798734664917,0.3677676320075989,2.6483993530273438,1.1838003193388136,0.22137710589564566,0.5829173515543817,1.6919059574956963,225,0.050311761975334386,3.334705122118037,3.933730556926103,0.8386274089074918,-0.5737862160072543,-0.22563244117563253,0.03417364002057288,0.013074173415793366,850.2833891704156,3.925766626993816,2.2166224447267537,2.863422393798828,2.867780923843384,2.8584063053131104,2.8788366317749023,61.90159893035889,41.91661367913961,6.371353970258284,5.473347521027339,0.009351730346679688,1
3.7333714962005615,0.8481330275535583,30.190109252929688,2.7512407302856445,0.21905530989170074,5.742494583129883,1.1844399941501558,0.18248330645496366,0.5899276139046123,1.6936846782017847,233,0.04659203012967696,3.4010247883939737,3.3215784517718623,1.251074878969833,0.25108771752828846,-1.3318188636763988,0.0682754656138626,0.0412947576216006,302.44157032218266,3.6711788177490248,1.993572989045518,2.5773582458496094,3.7444357872009277,3.7427074909210205,3.7488179206848145,61.94621467590332,41.044584649544014,6.727155899056539,6.399011029189198,0.025872230529785156,1
1.389147400856018,1.6791844367980957,185.01577758789062,2.0112149715423584,0.3359021544456482,8.797468185424805,1.167606474590901,0.5008601698825674,1.527605382872883,1.7197070540166575,212,0.04456904231078509,4.587397481768383,3.09670187772776,0.9194209539819503,0.09879871682961212,-0.3411956935561795,0.05162426751159199,0.02667913891008584,370.83232965176774,1.8898315429687507,1.2471711853394518,1.1670913696289062,1.433629035949707,1.4093303680419922,1.4540621042251587,113.74933815002441,53.22858804871374,7.711456587304455,8.005269976566755,0.0012407302856445312,1
2.421196460723877,0.9478734135627747,61.22450256347656,2.646259069442749,0.10904984176158905,4.171606540679932,1.1636263056723128,0.25926064073213195,0.8353936563019149,1.681417805970783,220,0.043938121798631644,3.9998110252166583,3.3241105882585087,0.9488358473301226,0.5048877629045082,-0.7452565524069534,0.07523323925973702,0.05007512029823555,185.5970630956217,2.810841242472332,1.5278678982564253,2.157196044921875,2.4417965412139893,2.4368438720703125,2.456636667251587,53.082902908325195,41.14321893844654,7.604693155199979,6.887736716976717,0.009346961975097656,1
2.3397586345672607,1.9428901672363281,81.83196258544922,2.513388156890869,0.2508699595928192,6.549225807189941,1.2167281037565496,0.3397339825600573,0.7139938846483442,1.7265931887488568,204,0.04706380777293984,3.505302981968094,3.1314676195016524,1.1235871705631246,0.11148815633075888,-0.9178661655375451,0.0551068874894643,0.02983773332414096,324.5345334948492,2.4922850926717133,1.514608996801453,1.7638721466064453,2.36177396774292,2.3536875247955322,2.374300003051758,67.24521446228027,33.70393221332727,3.924357400637221,6.034451486681547,0.007830619812011719,1
1.878461241722107,1.043994426727295,119.76261138916016,2.0918939113616943,0.05187172070145607,6.231243133544922,1.1951729764107357,0.4250490314582336,1.0931356867717499,1.7484722929475276,224,0.044239063301192115,3.9596457355519146,2.9816429013264694,1.1450058057527626,0.2723006558163206,-0.9074395427242452,0.0931787730861598,0.06957231388083862,150.7641760616023,2.138120969136557,1.39981874862151,1.339864730834961,1.9005578756332397,1.902766227722168,1.9332773685455322,66.67996883392334,41.71739184167051,5.578423360846112,4.62126475966583,0.005705833435058594,1
2.9672882556915283,0.7153892517089844,42.45866012573242,2.837127208709717,-0.0028365585021674633,4.29477071762085,1.2470596274455057,0.3349600366219937,0.5267556901340611,1.7559442262832856,225,0.04532504278543729,2.8682424312670696,3.513509410603706,1.0505075792565197,0.16300307168173866,-1.0973644788067114,0.1513085336255434,0.14758329490057553,70.51172202436288,3.384035110473634,2.038877381134246,2.35968017578125,2.9655606746673584,3.0009453296661377,3.0321764945983887,78.49370193481445,36.98549945841614,13.16843714930469,8.757939120694976,0.015817642211914062,1
1.4796278476715088,2.85615873336792,155.5082244873047,2.0069832801818848,0.44967788457870483,7.400165557861328,1.1921655372208881,0.4888346007723966,1.1351950321215885,1.7329011606659752,225,0.045902206788880504,4.030630254704639,2.879612500157184,1.0534708252888192,0.2895944881347895,-0.7454679629072185,0.05600243900293494,0.030683384664227646,312.8497762891414,1.8250166575113937,1.2034144285976571,1.2151985168457031,1.520612359046936,1.4978259801864624,1.5295833349227905,112.90188503265381,30.744928993749276,7.033646624457159,8.125974919897468,0.0031442642211914062,1
2.7962465286254883,0.44778043031692505,19.686349868774414,2.929558515548706,0.2645862400531769,4.7484235763549805,1.2074383137886973,0.29324799024662473,0.7306805631535314,1.7496013907224062,230,0.047563257786869755,3.497179863236565,3.416023233072818,1.1555978212897966,0.02026502991234667,-1.1552703987423205,0.09624636174835538,0.07324786167564658,143.63002003710875,3.3172022501627616,1.8948124152291912,2.2439002990722656,2.822383403778076,2.815497398376465,2.839210271835327,67.88612651824951,50.45222594675518,8.752777706656001,10.484586429267333,0.01578521728515625,1
3.8060684204101562,0.5260807275772095,21.553787231445312,2.8038740158081055,0.12849007546901703,3.2954859733581543,1.2595273793238697,0.3802633313953389,0.5569334214201165,1.781049697037108,216,0.04440494821621664,2.467600882651265,3.659061843473573,1.375692336228773,-0.43183681304344057,-0.9916334492351857,0.10402051571333802,0.08236590221608747,127.18287718271927,4.591344515482586,2.9154636524341546,2.7851009368896484,3.8176937103271484,3.820148229598999,3.8393380641937256,58.64184856414795,38.53293478576748,6.480666389541947,6.307000292714162,0.03616523742675781,1
2.9277470111846924,0.29779618978500366,9.968868255615234,3.598785638809204,0.13648203015327454,1.0143699645996094,1.2677528401970641,0.3984859976425476,0.5449980429449917,1.7879581657279577,224,0.04493205528876014,2.1673043433742007,4.226525378507903,0.6542012506105951,-0.21452165058781486,-0.39916331299118113,0.057042377871805605,0.03159626749693361,306.7168604081059,4.655395507812501,2.9426204755580856,2.8191871643066406,2.9529950618743896,2.95027232170105,2.968409538269043,70.97651863098145,34.90640621907454,9.476345315270786,7.546281589223874,0.019777297973632812,1
2.093958854675293,0.54230135679245,25.348194122314453,2.869097948074341,0.0631013736128807,2.172893524169922,1.2170032520329006,0.4489274427709613,1.0241760800700996,1.7952359101875761,229,0.048442845476177304,3.3767914670023442,3.645531855067324,0.8834547685578338,0.1441487093032281,-1.0053973121747775,0.07112502294112247,0.04565526762174412,205.02518611778518,3.2466411590576185,1.928787178492012,2.2391700744628906,2.110830068588257,2.1129965782165527,2.1413238048553467,46.61995029449463,49.546953618183,7.660544747294459,7.509566160080133,0.007556915283203125,1
2.3686790466308594,0.34637802839279175,63.090187072753906,2.5943479537963867,0.1448177844285965,4.818243503570557,1.1749078328219789,0.34670702366011796,1.0082115057199346,1.7255377262680627,222,0.04717388452182843,3.8937387682345346,3.214987904601749,1.032318978106219,0.22326745747160165,-0.7751008225680347,0.06956594380070066,0.04337001161069538,236.14533844826533,2.6773338317871107,1.549425025520688,1.7520370483398438,2.3938825130462646,2.3834381103515625,2.4027292728424072,72.04824829101562,47.874514853929774,7.401079868425182,6.620787584567208,0.008190155029296875,1
2.222391366958618,0.7092034220695496,31.43410873413086,3.071547746658325,0.08691245317459106,2.2888121604919434,1.2324965017829694,0.4400587030568538,0.9027707262069566,1.7849150261348585,215,0.04458373235801484,2.9908534423332966,3.9234178681669087,0.700886531584934,-0.2922198351489881,-0.040540736206610806,0.07444733403812456,0.049000676006126676,194.43578460884623,3.4121236801147474,2.253711890372138,2.274507522583008,2.258989095687866,2.2440285682678223,2.2733805179595947,72.78317451477051,46.015601922605036,9.124671136774884,11.170655249570588,0.008158683776855469,1
2.280059814453125,1.0902316570281982,118.25126647949219,2.4939117431640625,0.02859748899936676,4.743801593780518,1.1442185607464734,0.2662942229340307,0.9134492116077442,1.6502706346906109,218,0.045611448114849386,4.600707549705748,3.279375439096703,0.7784276696882573,0.5541018963459388,0.27494459634605084,0.07017780978323064,0.043591515912170545,252.48076788140511,2.388346672058107,1.35344497392183,1.6393375396728516,2.305294990539551,2.294435501098633,2.3148887157440186,48.69907474517822,39.463823654580175,7.570838938075345,7.590277148423687,0.007771492004394531,1
1.8474560976028442,0.5139986276626587,55.701873779296875,2.3015475273132324,-0.06794226914644241,5.166886329650879,1.1751098957454646,0.41374725301445214,1.3281030677976053,1.737406207796559,227,0.04665192848479767,4.615063277550457,3.0557660807095903,0.9898460185818325,0.4254873755298944,-0.4384360776897087,0.03991179675548969,0.017124984126370122,621.7654952374859,2.2198006312052416,1.3240926560626232,1.4422969818115234,1.870890498161316,1.8577741384506226,1.8784754276275635,57.51845359802246,35.55565448600747,5.518288073481104,6.2255603513348925,0.005481719970703125,1
2.3089659214019775,1.6199718713760376,118.43706512451172,2.6817123889923096,0.19393639266490936,6.181079864501953,1.1326139496179484,0.2420176485784854,0.8989324112883237,1.6204439634138508,219,0.05346416471892991,4.131085089627602,3.1929639970889476,0.8525738837004818,0.6018869571827091,-0.30203496092261073,0.08677292681371294,0.06062860557373855,194.61706776350348,2.426621119181316,1.313841054896549,1.79351806640625,2.3238840103149414,2.3229212760925293,2.341787815093994,47.97478199005127,50.92226297311075,6.8168525517155985,5.990201298049969,0.0066680908203125,1
1.3433756828308105,1.5210916996002197,120.27233123779297,1.951245665550232,0.07230368256568909,5.548980712890625,1.1357035049837985,0.4174858849882717,1.4519478971628228,1.6957865039300437,214,0.04897770830357461,4.645825078225628,2.842467925658567,1.12279217491859,0.14807056193797827,-0.9451240250387793,0.06419400185365079,0.03871737479515203,236.66721119068046,1.7284698486328132,1.1504272865999219,1.072662353515625,1.383435606956482,1.3597522974014282,1.3961677551269531,86.679518699646,24.308459371841092,2.49857178348257,4.795908903237676,0.0017728805541992188,1
2.8366048336029053,0.4925822913646698,16.684062957763672,3.3507015705108643,0.179550901055336,3.3481578826904297,1.1828062752497122,0.20671437791974112,0.5325961832416692,1.6768826993899306,226,0.04592719432309693,3.603801321220609,3.6794505862722895,0.9402281641526127,-0.32754980885663465,-0.7040554640033596,0.09165740018052931,0.068365828906554,138.92910234450633,3.4825000762939466,1.9180149213696858,2.567646026611328,2.8544974327087402,2.8574328422546387,2.8895680904388428,59.395161628723145,29.494574468365542,6.502486203873214,12.868936852590046,0.013883590698242188,1
1.1164277791976929,0.8377989530563354,155.6927490234375,1.768439769744873,0.0030981721356511116,3.637115955352783,1.2379550730257989,0.8311288918816353,2.0407028211358487,1.8616657493235176,219,0.04703097830200506,4.14588596439534,3.0665505569907765,0.9765564173572849,0.3017106062491028,-0.39396260640211,0.0357651254397945,0.014153345092680061,775.7726897242159,1.8597787221272795,1.4143217313393024,0.9950027465820312,1.142783761024475,1.1289455890655518,1.1634305715560913,18.36442470550537,13.497226729779145,1.35208479709897,2.676972107204583,0.0027818679809570312,1
4.1821980476379395,0.33041223883628845,12.549161911010742,3.867565393447876,0.21231788396835327,2.053650379180908,1.2081799347459217,0.18020082819916686,0.31614001737558173,1.6580931640927645,221,0.04424887478818711,3.1061655872998983,4.040861341221676,0.9110820827528652,-0.5493676088354461,-0.5408369737234078,0.06909545756024697,0.042907221858729826,239.950362811862,4.8845917383829764,2.6931207029360764,3.185964584350586,4.2020087242126465,4.193509101867676,4.204627990722656,85.37327861785889,57.278195144290734,9.65910501162162,10.116191329953502,0.030071258544921875,1
3.6536288261413574,0.3286483883857727,17.226362228393555,3.183732748031616,0.10818906128406525,4.228205680847168,1.2247323436755801,0.2907562833810323,0.5659802117195456,1.7376850563687805,224,0.04383345996776598,2.4123764605951115,3.906734646903453,1.1054277136107664,-0.405385561020061,-0.969075890829219,0.11828627406973397,0.10443936414762116,81.62235282638119,4.6127703984578465,2.821013453706996,3.012887954711914,3.6578705310821533,3.679222345352173,3.686845302581787,66.83130836486816,42.93143819929513,6.758334760283676,7.509800522616773,0.030996322631835938,1
7.260774612426758,-0.06559054553508759,11.916013717651367,3.5295684337615967,-0.015046042390167713,3.8596439361572266,1.1588920746645186,-0.024823061483945193,0.08651288105631538,1.5059415286358908,228,0.04522841239406479,3.6289518832765255,3.9888027540428865,1.2620866434837585,-0.5950948338268722,-0.729627378652228,0.1255614344243984,0.1136757538737546,80.03488865093045,6.519375483194989,3.1613069621215426,4.6223602294921875,7.2572431564331055,7.277426719665527,7.2970499992370605,72.60144519805908,49.90573317602288,10.905413107230036,10.687567372857778,0.06913185119628906,1
2.584146499633789,0.9300633668899536,39.995906829833984,3.180398941040039,0.6943647861480713,7.289999008178711,1.1500336563959266,0.20741024539764835,0.8259558366551443,1.6617719895554437,218,0.046842337845465515,4.11460728742898,3.217932763365173,1.1482970976391527,0.061088906541128744,-1.151772958878544,0.07126921953119632,0.045236285265784854,220.45141623139952,2.8473717371622733,1.5626579235110698,2.092386245727539,2.600257158279419,2.595871686935425,2.611422061920166,58.60111045837402,51.31951951132558,7.190749136971674,7.81461773305646,0.008149147033691406,1
3.0532097816467285,1.0058636665344238,34.08497619628906,3.270313262939453,0.26082897186279297,3.068974018096924,1.2210700226711018,0.23257345502931823,0.332867328499443,1.6940562347872061,223,0.04450154979737668,2.6983767541974286,3.6229474026705173,1.0159927843021475,-0.20005648067659826,-0.9973470467591379,0.04592518359284499,0.021260255699544536,555.4282936291459,3.6272913614908866,2.0719224968801777,2.3749961853027344,3.070380210876465,3.0634896755218506,3.0834085941314697,66.31254768371582,44.54097625788348,6.721549742121958,7.641333019401383,0.0147857666015625,1
3.177419900894165,0.6762980818748474,76.73334503173828,2.799758195877075,0.0927455872297287,3.4767494201660156,1.2257288707659468,0.29988866375506934,0.6309800901624034,1.7290080221684874,228,0.045737528278470545,3.7016304304265146,3.608757568921202,0.8623325463895608,0.30140844638565845,-0.5611999967842056,0.08010153564081449,0.0528977794172804,239.7328192082085,3.275945981343588,1.9399707035786757,2.089567184448242,3.1968092918395996,3.1924006938934326,3.2059426307678223,96.91181468963623,62.93540571221056,9.796385413790357,10.803617418274298,0.010293960571289062,1
2.1948444843292236,0.816908597946167,57.15159606933594,2.39888334274292,0.25703004002571106,6.954082489013672,1.1608979919743057,0.3671821606142496,1.0014130964437147,1.678599807369636,216,0.045642150448881834,4.010612386180118,2.960007885544286,1.2392942849325284,0.28836453888407587,-1.078238985188109,0.06769449400503927,0.04209620383546624,223.0691082339931,2.382949829101563,1.4287500194893092,1.6375617980957031,2.2254104614257812,2.2082839012145996,2.2249629497528076,92.69172191619873,29.64533828293632,8.252106101579557,8.372280891622445,0.009346961975097656,1
5.761279106140137,0.15597137808799744,13.400419235229492,3.037693738937378,0.0370023213326931,3.6126341819763184,1.185719262893958,0.08872587737542934,0.2205618335634747,1.5893911554864508,219,0.04542930790350619,3.404901384710157,3.87404328674956,1.2134631461899175,-0.36994706443985537,-0.9808231424439198,0.08280259189207068,0.0547804954186553,244.93191123519713,5.4742110570271825,2.879775140164838,3.6953601837158203,5.781337261199951,5.766210079193115,5.769776344299316,55.10408401489258,49.192033069457636,7.379647596978197,9.627459836269777,0.055816650390625,1
3.0021536350250244,0.7851778864860535,27.5504093170166,3.151050090789795,0.2782929837703705,2.5552048683166504,1.2096208542970313,0.2492556451929857,0.5334398839372607,1.7118261074249783,217,0.04526931841947438,3.4225776441842077,3.750338118702219,0.854602722941485,-0.009326166638676367,-0.5939643809588153,0.08851885744445083,0.06406264819578826,159.5653846248857,3.6241362889607758,2.096779658308865,2.507814407348633,3.0263071060180664,3.017606496810913,3.0328004360198975,63.58507061004639,31.565331049886257,6.670462253314851,7.329333100472287,0.016683578491210938,1
2.466301202774048,0.581760585308075,13.588130950927734,3.824080467224121,0.3203478753566742,2.4377522468566895,1.1926941007855376,0.2968090317149164,0.7129212766167576,1.7147855637858263,220,0.045570925668690684,3.3623119428458255,3.9736046126725233,0.6153896983188918,-0.11901734227045697,-0.022367369882976273,0.07477783605794462,0.04917724699903679,198.31902513343556,3.735626538594565,2.183289570680629,2.5909557342529297,2.502926826477051,2.4802305698394775,2.512014627456665,51.33981800079346,46.48926487286753,8.144363859998263,8.844331083773234,0.005970001220703125,1
5.681236267089844,0.20211167633533478,11.947417259216309,3.377695322036743,0.12507979571819305,3.150742530822754,1.218168391521226,0.1777877265830781,0.2605431347897724,1.6611119625666335,223,0.04634554763533726,2.561803090026258,4.087936801847542,1.2593361307035613,-0.8893294815039999,-0.16337316066680163,0.09167764009057357,0.06705373967105292,160.41976134526095,6.380582809448243,3.587295174883986,4.133800506591797,5.695041179656982,5.692530632019043,5.697722434997559,55.56650924682617,48.39068402142448,9.375551499725377,8.595645146854077,0.06892871856689453,1
2.6226539611816406,0.1394798904657364,22.90030288696289,2.6039531230926514,-0.008766628801822662,3.4653687477111816,1.2100271667019038,0.43239537327978866,0.8056850997874219,1.734776588851948,219,0.04560671929139327,3.3799547446891287,3.363627136838371,1.3008888605650013,-0.2489151181378233,-1.1205298742071585,0.062317222589447524,0.036803437813429034,252.25978803568282,3.2538283665974945,1.963613079307853,2.2939929962158203,2.64908504486084,2.6345808506011963,2.6579463481903076,61.8348503112793,32.56411415094325,6.0986524690732375,6.457543765570219,0.018804550170898438,1
5.152229309082031,0.9442498087882996,37.16462326049805,2.7572948932647705,0.21872809529304504,6.472856521606445,1.2066288743995195,0.04464525709690913,0.12278858458376352,1.632464991432294,208,0.045502299363120946,2.952493787303691,3.1643923379949137,1.4939589055805251,0.15385446192434368,-1.499700866995431,0.08877631850039144,0.06552421206664102,139.5327815972229,4.16004244486491,2.153114580142386,3.1999740600585938,5.148789405822754,5.166243076324463,5.168045520782471,47.21551704406738,40.06694130124707,6.112523185894493,8.708722674926394,0.036312103271484375,1
3.1974613666534424,0.5125811100006104,31.003257751464844,3.231210470199585,0.03418705612421036,3.4073052406311035,1.1690408930917107,0.22016862185431085,0.6735113605907355,1.6679096048411202,230,0.04588078417470993,3.67932813538045,3.4380834017649446,1.2004560281982368,-0.13297577328484061,-1.2732157485135058,0.13664564354478567,0.13251420363495625,60.97812413290183,3.5521748860677094,1.9336928491101983,2.4814682006835938,3.215355396270752,3.2240383625030518,3.223829746246338,99.8508996963501,56.36083666229873,13.853158778327975,7.827292455617251,0.01610088348388672,1
1.6731088161468506,1.3073508739471436,154.4920196533203,2.1624300479888916,-0.07718115299940109,3.19478702545166,1.1679279962183546,0.4935514734574003,1.193612604109985,1.6792867262703888,219,0.0453132577636755,3.7301293542472003,3.0028558962511793,1.2077282698590943,-0.1984949129683697,-0.9329750661787064,0.059774334229283146,0.034282735380933974,274.772353643534,2.103242874145509,1.4324311655002155,1.281585693359375,1.6988016366958618,1.6859253644943237,1.7177298069000244,47.706295013427734,25.000451447947885,3.908381779850174,7.270630565736281,0.0039577484130859375,1
1.5426255464553833,0.5829609036445618,45.124820709228516,2.3564186096191406,0.19499751925468445,2.3551669120788574,1.2240205127502737,0.5914789920222882,1.3831294795982405,1.834395772924575,221,0.04380268811652811,3.537828876338721,3.526414233762077,0.8573906663857067,0.13414207027473563,-0.5110389858374673,0.07671811807206994,0.05157032685609999,184.27239254089625,2.6755644480387377,1.7440052018364776,1.6959686279296875,1.6044126749038696,1.5611205101013184,1.5980138778686523,94.97219562530518,30.301424789347198,7.90936859298446,8.360404306533,0.002719879150390625,1
3.3841359615325928,0.6798803210258484,20.30168914794922,3.326510429382324,0.20951588451862335,2.7030797004699707,1.2251939527295455,0.21505537971025374,0.28820007147409843,1.7028140615825689,219,0.0454717011383629,2.699170071397968,3.721405118526159,1.1387310189894881,-0.5881319201416485,-0.6100810708769715,0.06649332865211426,0.04041748881212885,248.73916154551472,4.062161763509115,2.317112334075112,2.8139266967773438,3.4023938179016113,3.3979573249816895,3.4170539379119873,79.6877031326294,41.6535354963993,8.436869046808328,7.311733776479253,0.023031234741210938,1
3.125807762145996,0.4060206711292267,27.897663116455078,2.9990234375,0.09405365586280823,2.729217529296875,1.2332499614313943,0.33514081785273114,0.5695245195568583,1.7594917772156138,221,0.05246312893318622,2.9005716451179104,3.6769810578523927,1.1259955640134716,-0.32251153182255193,-1.044034582511001,0.055923653290994906,0.02965631900648609,382.5788139789797,3.854887326558432,2.407193192212728,2.3374576568603516,3.147841215133667,3.139737606048584,3.155731439590454,70.7764835357666,26.422456786627414,9.450722812576338,10.991883647634962,0.021254539489746094,1
1.8599544763565063,0.15294797718524933,34.02876663208008,2.3819663524627686,-0.005382286850363016,6.6535186767578125,1.1937624364365842,0.32896197356449397,0.711049959240686,1.7021941073323306,217,0.04736423003975206,3.7352064065565918,2.9032120725187447,1.2120574906565633,0.20755456116178259,-1.146214354181168,0.05035902543749738,0.025578519940442995,388.316877558635,2.088895479838054,1.3083481472434666,1.4233989715576172,1.872531771659851,1.8683959245681763,1.891326665878296,9.401853561401367,9.659744833060925,1.0826014593376536,1.6722627306143472,0.005330085754394531,1
2.120828628540039,0.6422724723815918,71.55862426757812,2.8371965885162354,0.18237435817718506,2.9483981132507324,1.2105623705150006,0.4498679578861052,1.213676896284321,1.795721379927045,216,0.04398738864065005,2.9635254898411905,3.8543191754224204,0.7703958987316778,-0.00533709405935995,-0.5405804982303133,0.0859817848101582,0.06144553342696822,161.91819614481753,3.3350524902343754,2.249231256493128,2.139404296875,2.180239200592041,2.140955924987793,2.158942222595215,95.55294036865234,19.71458468868908,10.524990307078921,5.159094748230141,0.0068569183349609375,1
2.342494487762451,0.5644202828407288,19.64505386352539,3.6530513763427734,0.0966966301202774,1.4860310554504395,1.2134468391077213,0.36007105381519827,0.7861829319741886,1.7576881943094464,222,0.04590660143158477,2.9847111446965036,4.067201223872453,0.6079082780336643,-0.4393102424109234,0.5249750197585223,0.061044102005734166,0.03436160790463118,326.41897986697813,3.8292153676350917,2.328961678691105,2.6083984375,2.3776063919067383,2.3608500957489014,2.38712477684021,119.69410228729248,39.75770844586492,7.057643380977735,7.803218742281951,0.004390716552734375,1
1.8958991765975952,1.8240195512771606,153.7642364501953,2.2634782791137695,-0.10224400460720062,4.87080192565918,1.1732948832750962,0.36619636143107,1.0622622599623792,1.7133869684845118,217,0.04523215084059297,4.4061351111119595,2.8733573222546127,1.0991140486527105,0.2879534087894504,-0.888454362107328,0.07807778355058032,0.05353898284534876,166.91455955113878,2.116300900777182,1.1827219333493466,1.5023441314697266,1.9195138216018677,1.914720058441162,1.9391549825668335,64.73274517059326,42.80544364648019,8.552048189583324,6.124408878324422,0.004852294921875,1
2.1332130432128906,1.1844881772994995,77.7265625,2.313443899154663,0.19764460623264313,4.925624370574951,1.227064278965278,0.4717003048351242,1.1136695724726184,1.795410951694718,224,0.04533816112315381,3.6387811125001424,3.0699881302418106,1.2379658022250406,-0.005433508174750674,-0.8351068290677728,0.0708088852708543,0.04567169478051504,195.2573741181422,2.539483070373536,1.5991261861499355,1.5746288299560547,2.1618144512176514,2.1478331089019775,2.1746444702148438,81.75877380371094,40.75339916633431,5.435893846742889,5.632258120753415,0.009831428527832031,1
2.3395843505859375,1.3613896369934082,87.07203674316406,2.804838180541992,0.42144548892974854,6.723231315612793,1.1663178074703944,0.2779209350348272,0.8413604150402665,1.6846483228624527,216,0.045611323522038394,3.6426906938341466,3.188023150322282,1.1459660914525895,-0.20528857123086272,-0.9457750159383029,0.060136794945640844,0.03359971533072231,334.1808950672587,2.662438392639161,1.5167016257188253,1.8719615936279297,2.358455181121826,2.3539340496063232,2.380208969116211,60.80954837799072,41.348167422642355,5.745158833851611,4.941740825469684,0.006923675537109375,1
5.5802321434021,0.04209358990192413,15.418502807617188,3.9658455848693848,-0.03696216270327568,2.040985107421875,1.1450338129753155,0.04874689872514439,0.30362253936206596,1.545189750001645,213,0.044917180401496996,3.4555211801600283,4.215684156764687,0.8187228070041912,-0.2770808566760146,-0.5314144664723277,0.14441808927102007,0.14304709168783125,58.44003804830887,5.82478459676107,2.83835007946735,4.559635162353516,5.596275806427002,5.604825496673584,5.564804553985596,99.0800085067749,58.364919005916974,9.90129680511648,19.891950091678552,0.04563140869140625,1
2.9421589374542236,0.7729896903038025,25.22944450378418,3.0586187839508057,0.1960059255361557,4.7402663230896,1.1979316315041877,0.2286235256624733,0.5292881472675908,1.6949228993552568,221,0.04731963377613364,3.266717545302418,3.3637589456625205,1.1528378376477368,0.15161135133922515,-1.2438103700986343,0.03956506538882486,0.016835615216409316,642.1424188676924,3.3488346735636405,1.7917790255769706,2.3958797454833984,2.952671527862549,2.951059341430664,2.9693918228149414,26.40952491760254,18.01684604894362,2.3087365243575224,3.6841542792077338,0.016142845153808594,1
4.260411262512207,-0.09241385012865067,29.86349105834961,2.6248741149902344,0.01715203747153282,4.754295825958252,1.183683768348538,0.2044592697901437,0.4546979220961074,1.6265398657686334,226,0.04775214482765297,3.4535505008060685,3.168972131796508,1.4010668877633912,0.24230170286274572,-1.3496241978314074,0.11330069016838801,0.09570805887897675,103.01267426204008,3.8540913263956718,1.9946189133656558,2.755514144897461,4.267094135284424,4.272236347198486,4.288924217224121,54.80749988555908,59.50471005637809,10.718328205246687,9.85485701376549,0.03472614288330078,1
3.0037331581115723,0.17774556577205658,12.724540710449219,3.298921823501587,0.04816576838493347,3.588611125946045,1.1582674022104746,0.19936966530311234,0.5367150905185372,1.5892251630385177,226,0.0465471696383563,4.587820418124444,3.3046550512808697,1.3615461738973673,-0.36288778333115945,-1.28392279034954,0.051173641009864566,0.026015855555491935,404.1587697847634,3.295829137166342,1.7950200917553996,2.0867538452148438,3.023068904876709,3.010974884033203,3.0253405570983887,54.48573970794678,41.029921089794854,7.026317751668374,5.678996268112395,0.013089179992675781,1
3.0858688354492188,-0.2435116320848465,16.797290802001953,2.907663583755493,0.0443703830242157,3.5956788063049316,1.2626550274423487,0.42106406210579245,0.6270994544463799,1.7563194471083365,230,0.04465566236010189,3.2072372603718335,3.5089527083074348,1.423992162581885,-0.43053612723644963,-1.2678207097425547,0.07541929400691409,0.05046186068071991,180.35817270213383,3.849701563517254,2.6457420342456204,1.9808464050292969,3.110598564147949,3.101471185684204,3.1110055446624756,84.75478076934814,55.64999252975636,8.010048107721989,11.954475247074056,0.020178794860839844,1
5.928852081298828,0.6506291031837463,10.754130363464355,4.271296501159668,0.3085479140281677,3.662868022918701,1.0739826943397373,-0.128457372951378,0.34084972440949546,1.4423270190093547,217,0.04771044047298929,4.961353914693686,4.139783346586482,0.9034427118449293,-0.43701540921709,-0.77615494795038,0.08666690060141406,0.06238195456641203,156.74543230080621,5.942797660827638,2.5041448669212025,4.933427810668945,5.935579776763916,5.937503814697266,5.945260047912598,77.33616828918457,55.252351627536385,5.786061693965857,12.09660478974997,0.05426311492919922,1
2.900721311569214,1.1615583896636963,56.32664108276367,2.920632839202881,0.21018947660923004,6.828057289123535,1.1746269504855988,0.2356869129518141,0.8133825476314565,1.7025077832782656,224,0.04846511297159948,3.6185648369657955,3.135884405326125,1.3084837136844203,0.0707188591052762,-1.2917290430924406,0.08512455362982933,0.05438384965793347,316.9840425073847,3.033742268880209,1.691065519011666,2.1827163696289062,2.908766508102417,2.916358709335327,2.9309349060058594,60.95502948760986,56.2752480738724,7.761256981713129,6.507011607561324,0.012085914611816406,1
5.904088020324707,0.1259925216436386,19.748620986938477,3.457848072052002,0.047544293105602264,4.4326701164245605,1.1521185763842952,-0.01660905095983864,0.1861792240874598,1.5522521883268252,228,0.04205500897993329,3.2808310716751006,3.8750879454818263,1.1715422625136933,-0.29269305998821094,-1.1665171905788232,0.10201510919300882,0.08100486303230141,121.59755798976396,5.557316144307456,2.709650219604296,4.438966751098633,5.9098734855651855,5.918904781341553,5.933773040771484,88.02283096313477,54.92929128159042,14.203263931504814,7.423449351799302,0.053498268127441406,1
4.54052209854126,0.9711105227470398,26.415327072143555,3.6983065605163574,0.38720929622650146,2.9225945472717285,1.1639731725343265,0.08789436034387316,0.38121269494243704,1.610050396059403,211,0.04603299106101445,2.9375368630149357,4.176543321216293,0.7237523083888117,-0.35462869441355227,0.18525677199102963,0.09992042539362343,0.07788998569732676,133.6556733088375,5.013264020284018,2.791949880929406,3.7122364044189453,4.5533127784729,4.559335708618164,4.565425395965576,66.21399688720703,60.43876405840226,12.799550140851858,7.246191931825708,0.03072071075439453,1
1.8125444650650024,2.3502681255340576,189.60391235351562,2.0904624462127686,0.2856450080871582,7.0165300369262695,1.1548713676675821,0.2976181775568515,0.9087956845542391,1.675642511964848,217,0.04342677775739067,4.323531591366136,2.9594958798469566,1.0204722694321047,0.3903464210050587,-0.7251368983397697,0.06364957221011673,0.03672996378177854,353.4399426238476,1.9639692306518564,1.2043192438359016,1.3520679473876953,1.8446571826934814,1.8340747356414795,1.8567759990692139,141.6471290588379,28.56199417696952,7.113503345087677,6.570984814562167,0.003954887390136719,1
3.245919942855835,0.35984188318252563,38.065277099609375,2.4398581981658936,0.10963992774486542,6.36589241027832,1.1495198940002926,0.17454931723124695,0.5203542244148025,1.5906871916084855,213,0.04954566094434061,4.538207711307558,3.049336597245761,1.2855772227122289,0.23602519438124886,-1.0974829948962066,0.06755243503681516,0.042194213637075,214.23223908605047,2.8382399876912445,1.4958656800744508,2.0785045623779297,3.267059803009033,3.256340503692627,3.2741589546203613,58.476258277893066,34.29176469690495,8.894436369991435,8.356399609741983,0.01874828338623047,1
2.7344226837158203,0.06047385558485985,12.660852432250977,3.4132168292999268,-0.07573813945055008,1.2483129501342773,1.226622626087727,0.38119395606989365,0.7684915562014774,1.772545764868753,228,0.045120737393117824,3.1960643266351303,4.038515085578256,0.6813442583403356,0.051899998315373216,-0.42773896841295844,0.10781290071614637,0.08848700807081317,106.08956585542931,4.09496847788493,2.4236749312485553,3.0253047943115234,2.749358654022217,2.757171392440796,2.801326036453247,57.543527603149414,43.097573615556655,7.491691389885246,10.420218123402684,0.014849662780761719,1
1.3212015628814697,0.0022938339971005917,24.3565616607666,2.2360825538635254,0.13449105620384216,3.496615409851074,1.218615487557373,0.6159314188084599,1.3615595368271505,1.7970008862940179,226,0.04571485441340926,3.7657872106860086,3.0139901222282863,1.1496951522433485,-0.10051632209759731,-1.1056894973096036,0.07563457900888951,0.05100421217599008,171.58875242951476,2.0482686360677094,1.3687866915217992,1.26300048828125,1.3674546480178833,1.3459793329238892,1.399527907371521,105.51309585571289,35.49970409334069,7.796859737313933,15.65233952752605,0.0024967193603515625,1
2.7914257049560547,0.15195056796073914,17.60110855102539,3.1519699096679688,0.011623182334005833,3.0769805908203125,1.2149754863570617,0.28708297622282447,0.5182410477081167,1.7122938549216755,233,0.0459249001434877,3.253380963103022,3.4298115624280614,1.2203954246416844,-0.2640794065312688,-1.2479289616668388,0.0811608730770027,0.055833269810746086,178.05128045499677,3.39181423187256,1.9347605328734165,2.487569808959961,2.804377794265747,2.8118865489959717,2.834651470184326,77.25817203521729,36.1455705473956,7.682108161924555,4.463618037857715,0.015145301818847656,1
2.191452980041504,0.7190687656402588,33.68183517456055,2.7235870361328125,0.39999842643737793,9.388957977294922,1.110471681769543,0.18851467066972835,0.9888650192574464,1.5883111374190024,216,0.04569108603564127,5.144636158786435,3.010032521151751,1.1333746944653527,0.0840538411485226,-1.0945109331352219,0.053615725443088014,0.02848029898907009,341.8689184183051,2.2145646413167324,1.2164969123863707,1.7233505249023438,2.2157227993011475,2.2037689685821533,2.230523109436035,69.40445232391357,44.14885887034157,5.120383216979551,7.1578135253113455,0.003101348876953125,1
2.917236328125,0.3304848074913025,31.26009750366211,2.675079107284546,-0.022307444363832474,4.721266746520996,1.2087963905545769,0.26887733200335084,0.5098296914623024,1.6967572126406798,197,0.04358712431335593,3.6192291327813795,3.4077755394965985,1.0916546726159593,0.13749515376389776,-1.0244006374081946,0.05529054344980594,0.029478024739852723,361.4035533876507,3.146161397298178,1.8966873895798482,1.9809837341308594,2.9307172298431396,2.9307146072387695,2.963789463043213,71.96040916442871,31.530782530542215,8.287989679894476,5.969617023317402,0.017763137817382812,1
1.8127449750900269,0.5109609365463257,29.0682373046875,2.7817294597625732,0.1383010447025299,2.208639144897461,1.188161787321507,0.3986863966212414,0.9972013836491938,1.7327054748621493,221,0.045465334908195966,3.7666271035447725,3.4570220452215765,0.7688687437821247,0.10935628201889293,0.0267842210334015,0.0834125409361857,0.058707065157017686,168.0281217563416,2.5818084081014003,1.5614018328336385,1.6746654510498047,1.8586084842681885,1.8263521194458008,1.8571021556854248,61.52084255218506,43.201169783220884,11.517938999766875,7.72460152687649,0.004521369934082031,1
2.186333179473877,0.5877248048782349,198.24769592285156,2.186363697052002,-0.05578460916876793,4.384658336639404,1.193604336764218,0.3798278945006724,1.0089352893880115,1.7349146607168766,222,0.045093776063289855,4.022646481751136,3.101864976984294,1.0517961343043978,0.2491151105377176,-0.6518696136434041,0.10121410956531107,0.0795949644017839,126.30198964686153,2.3260746002197275,1.4365336346575521,1.4851913452148438,2.2097315788269043,2.2074737548828125,2.2339353561401367,102.56588840484619,53.8222784166312,10.033847211063957,12.818679045800854,0.005812644958496094,1
1.4847851991653442,1.2667354345321655,54.778900146484375,2.2564713954925537,0.5707693696022034,7.457121849060059,1.1817772216225209,0.5030612729507151,1.3847926894453417,1.7702284474343943,218,0.04405761058461398,4.045765506411381,3.0587487893342864,1.0582551171579704,0.266936289720924,-0.8088590048979531,0.04631381438795197,0.022133514786970673,462.6891393960872,2.0927019119262704,1.3747683250235676,1.3761348724365234,1.5098142623901367,1.4998135566711426,1.5310982465744019,38.82826614379883,19.34402788185382,3.3250600195975797,4.334445014590835,0.0033817291259765625,1
1.8344184160232544,0.553672730922699,32.87554168701172,2.443483352661133,0.13944849371910095,7.0165605545043945,1.1881428741044935,0.4109822583972973,1.1504743711328738,1.7452490802783793,212,0.04841859729376296,3.8017880499540277,2.7661692708253565,1.4526820504109623,0.14197130932408875,-1.404722217895154,0.11975811392626601,0.106251506732532,85.70134481072108,2.2152423858642587,1.4112034186566222,1.4616203308105469,1.8636143207550049,1.8608708381652832,1.8911199569702148,67.83596134185791,58.75178866973048,12.346204402712376,11.28610880262226,0.0046482086181640625,1
2.3768434524536133,-0.048242855817079544,26.399980545043945,2.488406181335449,0.0025735010858625174,6.025383949279785,1.12708984647746,0.2799123343629168,0.9292616732813528,1.6006074851364298,222,0.04388115906605293,4.717625169046072,3.1810394684785717,1.0871569422183822,0.21431519406193708,-1.0233502796764717,0.04249534280378524,0.019075325813194915,551.2574983055873,2.5204041798909516,1.4686056919290325,1.576141357421875,2.3973584175109863,2.388052463531494,2.4267332553863525,98.0834436416626,37.35253736376893,3.8238970460893156,8.392148479765256,0.008841514587402344,1
2.118556022644043,0.3066961467266083,65.53905487060547,2.413419246673584,0.22013302147388458,5.2749223709106445,1.1852965956488848,0.3388606841516173,1.020126399393857,1.7396447074642876,224,0.04495743556519787,4.032509638533124,3.2420434237739943,0.930958097094339,0.377129430229636,-0.3820897216722017,0.10750937727883464,0.08556141276940266,154.17727089269786,2.434840520222983,1.4614948953144122,1.7224960327148438,2.159773588180542,2.1300957202911377,2.13798189163208,68.4298963546753,52.84182440455442,9.439915073298655,10.972692126261336,0.006644248962402344,1
1.5415141582489014,-0.22347432374954224,46.11878967285156,2.3624496459960938,0.17502835392951965,4.153600215911865,1.1885421621242198,0.4844374374231075,1.2789180832051592,1.772107304121885,226,0.04478686222322021,4.055001196523515,3.37081185488133,0.8596856194980007,0.28343261930066876,-0.5125664260507867,0.0774400270626705,0.051020958336684255,208.21855973375864,2.3490562438964853,1.5380734898931412,1.5596237182617188,1.5884884595870972,1.5647953748703003,1.6004270315170288,96.58793449401855,34.132488783196216,7.045757070647073,7.131319883720832,0.0037565231323242188,1
5.990593433380127,0.4408210813999176,14.832141876220703,3.791062593460083,0.1094929575920105,2.7172112464904785,1.163581231721883,0.13372949499386008,0.41938429163043356,1.6078660983851818,216,0.045422720019272236,3.2619970272975713,4.344654689767141,0.9137770189547768,-0.7476276017560405,0.07884246806654627,0.09804115074180303,0.07702212802222358,116.93632613567921,6.7327858606974305,3.4730702593526823,4.953039169311523,5.984467506408691,6.007266521453857,6.022122383117676,35.29004669189453,25.2070197931947,3.799286933239361,5.104971600201745,0.0595245361328125,1
2.7792489528656006,0.8704391717910767,52.53168869018555,3.0365707874298096,0.4479619562625885,5.763548851013184,1.1726225075982157,0.21790057128037238,0.7295045263945865,1.6967103813755262,217,0.04396873543502363,3.6708277884057825,3.5846908253955423,0.8898940804965811,-0.015535411942796836,-0.5666133581611543,0.07527418458901419,0.046745000213847344,317.0702571417401,3.12987518310547,1.8104197386727627,2.217510223388672,2.8040292263031006,2.7932724952697754,2.8093888759613037,71.63103199005127,54.72455882506436,10.419079829705572,9.104737472313335,0.01110076904296875,1
2.4556121826171875,0.5476766228675842,72.96395874023438,2.847188711166382,0.08397263288497925,2.5443191528320312,1.1931600952936408,0.3550866985926197,1.0735970812512736,1.7384917363187617,223,0.046363038361338024,3.7116390129846453,3.8397371223085486,0.7618252679552933,-0.11522955979084887,-0.41953807319590597,0.08233427501521151,0.0536545863230868,321.2456047130641,3.2616999944051117,2.127922578727395,1.9551525115966797,2.490082025527954,2.479680061340332,2.503493309020996,85.37583255767822,46.91111132965675,11.443601802040451,7.336018175420788,0.0067539215087890625,1
3.4232378005981445,0.7847779393196106,36.808895111083984,3.2883009910583496,0.25613492727279663,3.1771702766418457,1.1900333109292425,0.20908161784945592,0.5655659203326127,1.6850828203676913,214,0.04419210319511439,3.4647503385133653,3.800250790420365,0.9591349286620734,-0.28873954479991754,-0.4326202869262654,0.17085290097519776,0.17536392095152817,59.476423477298496,3.913982391357423,2.2761763306087177,2.9068679809570312,3.3936355113983154,3.4765777587890625,3.4900434017181396,95.22497177124023,44.476691722797156,8.29176716088653,10.742988259287728,0.020676612854003906,1
1.7290781736373901,0.20003655552864075,20.293325424194336,2.5616297721862793,0.002980728866532445,4.412600994110107,1.172940366414086,0.36444564078554503,0.9492842270563928,1.709922220755416,221,0.044524508275656814,4.3272136503855,3.12299879864286,1.054713763513504,-0.0489646218997567,-0.939024233848365,0.05533881306344308,0.03002542493244942,324.19260317912085,2.2590866088867196,1.3541541443510954,1.4745826721191406,1.7625486850738525,1.7455106973648071,1.7817318439483643,48.822293281555176,26.63257582985357,5.535502548252292,7.9739030991784885,0.0028095245361328125,1
3.3455166816711426,0.9810858368873596,26.236392974853516,3.1006202697753906,0.3229287266731262,3.3512072563171387,1.2167308951048752,0.26939205796987087,0.41405627754616425,1.7062067760480546,228,0.04500099052664347,2.8642165114481646,3.7520687488548057,0.9082705462039785,0.24126480773471778,-0.9445531024578444,0.07235400642627453,0.04714315173240664,193.7416222346516,3.996036211649578,2.228140717799104,2.7158946990966797,3.3686511516571045,3.3568005561828613,3.377584457397461,74.35439491271973,38.76627376441255,7.913559591303559,7.770437545429897,0.023706436157226562,1
2.87477445602417,0.6509556174278259,71.92870330810547,2.3116767406463623,0.0047125257551670074,8.498138427734375,1.1244164776354175,0.2102580986319843,0.9139074036509527,1.6223269356654513,212,0.04556126504526711,4.991225471429816,2.882639118836186,1.2676224338731468,0.1589992718519286,-0.8721374597925542,0.08232917189346742,0.057293872798715575,171.23328117263785,2.434576670328777,1.3863678047034005,1.6244316101074219,2.8854517936706543,2.886028528213501,2.91374135017395,62.26917839050293,50.75416859125317,5.372120368015251,8.051444412303713,0.011987686157226562,1
1.8734749555587769,1.192894458770752,123.00186920166016,2.4477169513702393,-0.053015753626823425,5.051207542419434,1.1850037051938644,0.41712720384755125,1.0649463119572689,1.7347352193252488,224,0.05141345419460403,3.9679219113741517,3.0330711392665917,1.1927044149110797,-0.015816108418127143,-0.9399439093783468,0.053578012340288986,0.027302782229617985,487.84638430229325,2.3175363540649423,1.365229351946977,1.6090221405029297,1.8908995389938354,1.8848810195922852,1.910698413848877,26.4601411819458,17.435191616296812,3.3538394309135424,4.058258665407938,0.0038280487060546875,1
2.950305461883545,1.9309500455856323,127.00234985351562,2.4824278354644775,0.23633909225463867,6.128416061401367,1.20716358960755,0.24190137732970513,0.537670755926436,1.68267537715959,216,0.04568118378595597,3.00564412911923,3.2856443910841078,1.0275161732235878,0.13185924603627022,-0.7494481184136967,0.05965564071369749,0.03414088749562548,277.6950868299507,2.692890485127768,1.638597282723912,1.7892589569091797,2.9733173847198486,2.9627487659454346,2.9760518074035645,78.02059173583984,23.902211552677613,5.959740813891355,5.16432785677907,0.012042045593261719,1
3.212977409362793,0.5717855095863342,16.991281509399414,2.9520654678344727,0.22921404242515564,3.923159122467041,1.2328421259515825,0.2726434222609814,0.3639943422023726,1.7254250623091436,217,0.047489079123871125,2.6420446713848236,3.5842694335087146,1.1810882525378563,-0.16422285776601006,-1.1311513730033715,0.056636422941474036,0.030834045178864344,336.79634307040266,3.8933245340983085,2.214044130463382,2.700214385986328,3.233140707015991,3.2233457565307617,3.2422962188720703,59.00024890899658,34.595031065821935,6.026071604400758,6.893926135899011,0.027814865112304688,1
2.622615098953247,0.8983075618743896,46.28689193725586,2.8800010681152344,0.337716668844223,4.000421047210693,1.183747207793197,0.2730405510454635,0.6866626608553794,1.6963666657185636,230,0.05177563594631446,3.7449701049146578,3.5182304786866263,0.9736989489278016,-0.047223938203036435,-0.857012280123091,0.036814996936318845,0.014458122877447199,862.4786390137956,3.0717077255249037,1.8569124149319312,1.898000717163086,2.637852430343628,2.6312546730041504,2.6491551399230957,33.698431968688965,23.56878594576767,3.2539837365819,5.2081762052875735,0.011807441711425781,1
2.9305050373077393,-0.2971723675727844,21.46917152404785,2.940831422805786,-0.1738324910402298,3.9605531692504883,1.2219006736876723,0.3506724464903168,0.5334521686983771,1.654113691311412,235,0.04831108536463873,4.214425558854702,3.2615493787806784,1.3318011933146265,-0.21360090122126213,-1.3159686291311996,0.06051521831018437,0.03487878889279758,278.1240689084993,3.0824559529622406,2.044870961695016,1.6291046142578125,2.946993827819824,2.939974069595337,2.9537224769592285,16.840532302856445,14.693563849658217,2.315407195035161,3.6635070871812365,0.012453079223632812,1
2.0706233978271484,0.7815361022949219,51.288116455078125,2.4152379035949707,0.09629543125629425,4.8503899574279785,1.1929530110102444,0.3058089870216145,0.7520123660117024,1.721878198997689,232,0.04584889964873471,3.705226743356299,3.2008876237624015,1.0822086586422162,0.1900716992327678,-0.9960196992776784,0.04425844215566091,0.020478905424438087,504.51411423758884,2.4986518224080414,1.5208846888933376,1.7123126983642578,2.1004247665405273,2.0870559215545654,2.118135929107666,82.90828037261963,31.470774396842653,10.037719124266594,6.49752691826957,0.007699012756347656,1
1.1527459621429443,0.7540982961654663,142.5592041015625,1.7840278148651123,-0.07406516373157501,2.770514965057373,1.2122856481685949,0.7351539888810319,1.8446749103204683,1.827068413842703,217,0.04610910640403707,4.2437439046957595,3.0515965682999875,0.9545901664876566,0.24052120737179122,-0.43889664659441996,0.03921546637829282,0.01648438879807758,678.0785021483229,1.858366648356121,1.2947439080591558,1.1473884582519531,1.1793993711471558,1.1670573949813843,1.2044304609298706,24.70023536682129,17.300909526210013,2.2240062029865784,3.6473333500322602,0.0027894973754882812,1
2.918972969055176,0.45127949118614197,19.090654373168945,3.265141010284424,0.05367865040898323,1.603729248046875,1.2951246277183721,0.460307881344599,0.5848108747943206,1.8321112072573988,223,0.04696831356515112,2.264424131531835,4.038937316754955,1.054866692996407,-1.0839973575347055,0.4845775976336735,0.05342306748209573,0.02794897288704265,375.20521299430726,4.541905085245769,3.0585988000482196,2.603839874267578,2.94211745262146,2.9324138164520264,2.9684436321258545,42.955586433410645,44.76182127888661,7.457912219066879,7.48557433408164,0.021033287048339844,1
1.698862075805664,0.6732181906700134,41.67157745361328,2.4918527603149414,0.2172291874885559,5.460385322570801,1.154158810542339,0.3934554803945415,1.2867944064914747,1.7122772813514406,216,0.04337364006305753,4.532527140288304,3.3034891489698195,0.8592923004084143,0.2521273860905335,-0.5026209900524301,0.05543419991042248,0.029924562202579497,337.54353519779886,2.347706158955893,1.3823554750452463,1.6618366241455078,1.7397137880325317,1.7155581712722778,1.7500947713851929,84.76135444641113,50.54986378356096,9.529262950086066,9.158758184412042,0.0027360916137695312,1
2.3598814010620117,0.05909442529082298,40.50566101074219,2.3316750526428223,-0.045615773648023605,6.218347549438477,1.1694106624237068,0.22749430545839258,0.7780901373091269,1.684229121446171,215,0.04756434194721393,4.430985203555136,3.090164008798321,1.2070673084775432,0.16974756108002498,-1.0611323489465345,0.06778258059649543,0.04245860472771895,211.65257107224542,2.480794588724773,1.4715203891715096,1.8092098236083984,2.3849892616271973,2.3744828701019287,2.4049742221832275,61.58588790893555,37.848754740062745,7.133835867326662,7.691275767410101,0.010061264038085938,1
0.9079867601394653,-0.5315830111503601,470.6764831542969,1.4081850051879883,0.20790506899356842,5.319832801818848,1.1482857889226314,0.7493449240790123,2.3293327121864538,1.767036193115777,209,0.046388206576276,5.274555271017622,2.6287384709724777,0.9829857413313783,0.5352414425077907,0.014829439842725112,0.0570086036839828,0.031631142199389325,301.6941165552572,1.316123326619467,0.9860246520380849,0.6862716674804688,0.9748554229736328,0.9305307865142822,0.9674816727638245,79.90779399871826,17.844938651149818,5.004866792496096,8.403039954859493,0.0014200210571289062,1
2.6609983444213867,0.18097244203090668,24.63196563720703,2.733933687210083,0.1287398785352707,5.189866065979004,1.1950346941632912,0.38147939704292233,0.8775641937360117,1.6876851845635947,224,0.045479676103130424,4.238337042001252,3.661540649659993,0.9026440274740974,-0.032517798314159706,-0.8466249087151336,0.07268059157484673,0.0458489966129908,274.39357443936393,3.1111688613891615,2.0401674008171495,1.7437992095947266,2.6925618648529053,2.6746702194213867,2.6937928199768066,95.21533203125,35.391902238648505,12.730705726698172,9.022906244822828,0.011969566345214844,1
2.4807183742523193,0.193963423371315,20.12213706970215,2.7802317142486572,0.16998551785945892,4.6958136558532715,1.1929023140913548,0.36036584858628756,1.0225044475329357,1.7562118350114087,231,0.04706682282759691,3.6997875772362043,3.2386458800079936,1.237437490478884,0.034337989379016755,-1.2188308338075189,0.11168488269272163,0.09404223006207613,97.94396761254276,3.044059117635092,1.746130065841806,2.043994903564453,2.514784336090088,2.4981439113616943,2.516456365585327,63.279908180236816,46.59745804060298,8.540485738642166,8.714832578439799,0.0126190185546875,1
2.2410762310028076,1.00099778175354,121.26078033447266,2.4029481410980225,0.22511687874794006,5.262279510498047,1.1825692187987311,0.3193280414181492,0.8570964916519777,1.7200530879186295,222,0.04380084060140351,3.6165950828009157,3.290884710713966,0.9920289072617848,0.29658973565237734,-0.777043526015659,0.06610718238756544,0.03918222409722356,286.68672606709487,2.5823860168457036,1.5599591251025713,1.6956024169921875,2.263345241546631,2.257171869277954,2.284562587738037,56.106454849243164,31.17396087736378,7.048214563310717,4.815198478866887,0.007693290710449219,1
3.497678756713867,0.04471411928534508,13.392644882202148,3.7315657138824463,-0.09925681352615356,2.758190631866455,1.1496362897158607,0.1395985900982003,0.5456924094829323,1.6166491904020508,233,0.047334179940185524,3.9222381769771415,3.8831934013025244,0.9301314001918927,-0.4246649245856374,-0.6359845588452164,0.07571125524238537,0.04958233832478693,211.41478731352973,4.22364107767741,2.2246449870864584,3.1982460021972656,3.516608953475952,3.5090394020080566,3.5336766242980957,57.521820068359375,45.047568491613006,8.708994836641496,7.799391063894234,0.020053863525390625,1
3.699873447418213,0.6393870711326599,27.747547149658203,2.8177602291107178,0.12430507689714432,4.333563327789307,1.1696184537180239,0.12099579707816098,0.4542988346124255,1.6387059628812972,198,0.04523269951935707,3.62527336830994,3.5502946116374114,1.1480574329756048,-0.05557815313022672,-1.0265402425676844,0.06024821515773513,0.03467962012965404,274.68619403753496,3.773368199666342,2.0249276613154703,2.8098526000976562,3.7186508178710938,3.711313009262085,3.728724479675293,96.09129047393799,33.52774575926796,6.5132370852996555,15.140505973754436,0.025542259216308594,1
4.101067066192627,0.23297250270843506,20.738319396972656,2.9434738159179688,0.1539153754711151,5.3117876052856445,1.1979171493230394,0.21661293704771153,0.538392943240793,1.6718308436721356,211,0.04770764366627593,3.4424930497423754,3.75711080413842,1.143753971134668,-0.13589600543615277,-1.1591090446004833,0.16480259168567518,0.17651366791674425,45.04658221774154,4.285184224446616,2.5722839467267655,3.383678436279297,4.091959476470947,4.138354778289795,4.161250114440918,107.41625118255615,48.87357077916334,14.895529914509071,16.54435603667767,0.032474517822265625,1
2.2048065662384033,1.3182207345962524,44.461753845214844,3.279996871948242,0.8240533471107483,5.7494659423828125,1.1588775144256067,0.2353906733261485,0.7144601606888856,1.6555298213259162,217,0.04414193420729908,3.620885833363398,3.5525866545125626,0.7081170784547984,0.3422818664011762,-0.4524646854539278,0.05694362098553285,0.029945858494600852,443.51697500391003,2.9414466222127285,1.5594089083738396,2.187520980834961,2.232729911804199,2.2180755138397217,2.256286859512329,97.82368850708008,45.62298404197098,6.339893326894172,11.958495545231033,0.0032501220703125,1
2.582601308822632,1.3632875680923462,70.43891906738281,2.507891893386841,0.29466333985328674,8.533987045288086,1.1783408704387657,0.20070953048027557,0.5780296789022619,1.66407921143618,211,0.0444844241004408,3.577772090680167,2.615714553117865,1.4720930443455775,0.3496521543201601,-1.3477138269353413,0.08094145949291193,0.05710057245543387,151.14095590137538,2.3426008224487314,1.324840336286857,1.6603107452392578,2.5972297191619873,2.5926835536956787,2.606733560562134,55.95303726196289,50.18224007266745,6.585386073192617,8.110761359019747,0.010266304016113281,1
2.1580123901367188,0.4302942752838135,40.834434509277344,2.7512853145599365,0.5390357375144958,6.43621826171875,1.1961971908846254,0.37908611195289543,0.9930544235529633,1.743160326606911,223,0.04691179756498242,3.6731658225660517,3.4054645117698046,0.8656092900229672,0.32187523479787783,-0.4899375619939641,0.06383965425337557,0.03622555035001023,336.85394675099366,2.6849177678426117,1.6014448464956195,1.9368839263916016,2.1798412799835205,2.174046039581299,2.1955695152282715,91.78636169433594,29.83185215761373,4.893043081063645,6.4487061635308995,0.007048606872558594,1
3.340219736099243,0.07993487268686295,27.665220260620117,2.7919695377349854,-0.10971699655056,4.827948570251465,1.1431015382145615,0.2911010763267823,0.8646685458479544,1.615782615208875,222,0.043164611082332556,4.582206109467408,2.934839612153924,1.600687300894506,0.047835437951852224,-1.5365603263985135,0.08003015432790692,0.055949937293310985,155.67614891053478,3.255162874857586,1.7598975645203077,2.1837520599365234,3.348823308944702,3.3516108989715576,3.3698911666870117,29.247483253479004,26.028274125304932,3.8581039971196422,4.974697364150807,0.02166748046875,1
2.4645278453826904,0.3625204563140869,57.794368743896484,2.412752151489258,0.1437980681657791,4.212671756744385,1.2460684737851289,0.43351385658191094,0.8664876858798358,1.8116051105400748,228,0.04868048141470531,3.1165577204525396,3.2820799282846975,0.9686120444361007,0.33833572747389357,-0.5752254935373227,0.08748192999203123,0.06337628145207665,158.04585069412667,2.7583821614583344,1.6680689629078547,1.8310928344726562,2.4898245334625244,2.4836208820343018,2.4974825382232666,89.25998115539551,35.977289593497666,8.543753893200499,8.417387636930194,0.010118484497070312,1
2.9649834632873535,0.42584070563316345,19.611793518066406,3.516810178756714,0.09069472551345825,3.93986177444458,1.1540687877047282,0.1716482243755146,0.6395198286690826,1.6451051967040486,224,0.04445676798528413,4.033161538910524,3.512935262338617,1.0974331621553963,-0.3534779621323824,-0.9897589515877367,0.06999713485048895,0.044080805767022946,225.62035870067567,3.4356622695922865,1.764655540508176,2.641733169555664,2.9839940071105957,2.9758920669555664,2.998446464538574,75.15270709991455,49.3584295621292,7.4424262215987005,8.195903916994572,0.010807037353515625,1
2.914323568344116,0.3447411358356476,28.224523544311523,2.809885025024414,0.10614663362503052,3.9786911010742188,1.2047827835271896,0.31111282746963187,0.7151822727179966,1.731932203348883,216,0.043866446869708114,3.4763943414566825,3.322092875531361,1.2998600717408486,-0.20722752086637033,-1.1113072108687891,0.07690889459728585,0.05171885576956993,193.65779143739198,3.3266067504882826,1.9539834214404939,2.1143035888671875,2.93513822555542,2.9279301166534424,2.943037986755371,67.44981575012207,54.749479327965076,7.369971824262111,10.989232805538945,0.01850414276123047,1
2.5001168251037598,0.96599942445755,41.15666961669922,2.7417407035827637,0.749353289604187,7.524836540222168,1.14717879382975,0.3057909128765866,1.0808481378383394,1.6747151191646055,224,0.046464594119031165,4.4333409046543455,3.437450544284312,0.9639459923871231,0.2520216612557874,-0.7183637286249542,0.11252760842263342,0.09360127831840627,105.50375677256866,2.851808547973634,1.7236090881483908,1.8168258666992188,2.538611650466919,2.5128400325775146,2.531991720199585,93.49169540405273,39.08001869959148,8.605494560259247,11.905955967019914,0.010373115539550781,1
3.75962233543396,0.07666411250829697,22.6794376373291,3.4615323543548584,-0.04788537696003914,3.640244960784912,1.130312816798267,0.09779351800028435,0.5905440645592148,1.5839932320520853,231,0.04528567601581742,4.412763833494932,3.4643394261728933,1.2253075478069675,-0.2540941174961226,-1.2255267805948908,0.07067438524123973,0.04491564753758795,215.20274716123555,3.7827237447102875,1.80008852891404,2.808258056640625,3.771254062652588,3.7703816890716553,3.783418655395508,58.266676902770996,52.990107781586225,9.066005320918416,8.402216222970385,0.020374298095703125,1
3.7638440132141113,0.42365890741348267,22.11160659790039,3.252293825149536,-0.13897652924060822,3.4289064407348633,1.22824887360981,0.2791592122949748,0.5684696888771024,1.753537083616878,235,0.0484965323608498,2.8568573640911534,3.7670894163623725,1.1591731510072822,-0.38569426307005145,-0.9770233781467685,0.1006925315958639,0.08081913183886022,108.3949685031287,4.479825973510743,2.5745881111651148,3.2568397521972656,3.772033214569092,3.7801012992858887,3.808692216873169,54.75911045074463,44.4529620440708,7.829621095541962,8.523279128677157,0.029123306274414062,1
3.42153000831604,0.04773196950554848,16.552520751953125,3.0973052978515625,0.07205105572938919,3.445300579071045,1.1810799187816687,0.21610598462822905,0.5187671717453335,1.6187327242956824,235,0.048021179355883396,3.918349522988806,3.575046830773649,1.0898932239711236,-0.09927506986351714,-1.1573306801415784,0.07958540207442596,0.05451953820925503,178.82288531157317,3.5472930272420258,2.1393425087765365,2.092836380004883,3.443350315093994,3.438223361968994,3.4301280975341797,154.32283782958984,50.166153192734726,7.938290181680163,9.466239962298951,0.01967144012451172,1
3.2009236812591553,0.412236750125885,23.834339141845703,3.034641742706299,0.10216403007507324,3.208621025085449,1.1764473661594255,0.2756945048737833,0.7647554312952369,1.665994676878073,228,0.04372560800176907,4.02271515415545,3.785026026762621,0.8816700084713498,-0.2638864982466647,-0.07193727314571019,0.06159657805446852,0.035422771222245256,296.3805425139617,3.6476806004842133,2.0966587328615987,2.383909225463867,3.220576047897339,3.2128093242645264,3.2349050045013428,78.20782089233398,43.5805573932076,6.497047432033546,8.420757950780649,0.020143508911132812,1
3.16573166847229,0.7887150645256042,31.911827087402344,3.0189948081970215,0.22825855016708374,4.609370231628418,1.1616065660638057,0.17932422669967787,0.5275350405672916,1.6302404005151263,222,0.04500565749131476,3.8506211837188236,3.2690613505677293,1.2224270805499617,-0.1596031075406046,-1.144420620682651,0.05038737555805504,0.02559074879700578,389.64416142987875,3.1461610794067396,1.7572311183226315,1.9996585845947266,3.182802438735962,3.1769769191741943,3.1899335384368896,50.48233604431152,35.42831808995674,5.852115803106435,6.4914575281401135,0.014710426330566406,1
4.042964458465576,0.4904876947402954,13.564201354980469,3.6522297859191895,0.14408789575099945,1.9726347923278809,1.2195636094231632,0.20708996386482129,0.3172220257384475,1.6977756830270794,211,0.04227200024988462,2.717846670068333,4.1572285859763225,0.7876087929513038,-0.174152643526834,-0.6950718288933277,0.05792509206081196,0.03229896867072846,306.21838716384843,5.127941131591798,2.8144917415915316,3.818756103515625,4.056490898132324,4.056066036224365,4.084057331085205,65.40254878997803,27.61552390862116,6.413908155217413,7.6257404492126595,0.037482261657714844,1
1.481391429901123,0.6211387515068054,48.877262115478516,2.1636083126068115,-0.051259078085422516,6.554292678833008,1.2191882467156108,0.5567251697427152,1.2806071647526247,1.8082753682064916,209,0.047377174105825384,3.6324370953944403,2.9793289803948504,1.2168973523145974,0.14711458266683777,-1.1817521611162594,0.06349098289356088,0.03792518805302643,246.27947506513453,2.098846117655437,1.454680951154618,1.259927749633789,1.5115448236465454,1.5010275840759277,1.5321736335754395,37.50676345825195,21.23188431490575,4.845078937638988,4.115024728604347,0.0032682418823242188,1
1.3329646587371826,2.21848201751709,190.5496368408203,1.9058129787445068,-0.2755677402019501,6.428235054016113,1.169564965376925,0.5011790021615868,1.3890250713135384,1.742593632468395,210,0.04946919564404522,4.829462807542958,2.576494364334996,1.2656791761746824,0.2519938201631823,-1.082294779587818,0.06228672727909656,0.03678299383572773,251.75611375657599,1.638119061787924,1.0487914515821863,1.171518325805664,1.350974202156067,1.3440090417861938,1.3710142374038696,13.457937240600586,12.158513847526649,1.4404484080001296,2.483726043509426,0.00201416015625,1
1.9548540115356445,0.224846750497818,30.24651336669922,2.571597099304199,-0.06355040520429611,3.076441764831543,1.1931207551378127,0.4127068093161851,1.0346753131485125,1.7495932531422056,221,0.048731012476411324,4.377551060730309,3.373695197549115,1.0150780856958523,-0.04040174305898863,-0.8358388190896102,0.04958130692808695,0.024762095725810094,417.78585596563147,2.6677449544270844,1.6182815366190932,1.7547378540039062,1.9877593517303467,1.9684542417526245,1.9950757026672363,62.096147537231445,40.2280817073273,6.609145882906692,5.399334671930703,0.005990028381347656,1
3.119065523147583,0.43095362186431885,29.38312530517578,3.500819206237793,0.2500106394290924,2.364112377166748,1.1085672917740526,0.14755488557802532,0.822592072156227,1.5896967413455192,233,0.045199786919440946,4.740430283981211,3.756367595626216,0.6113541335349493,0.49405036694214566,0.6308755615976969,0.06373940801676573,0.036720261660994014,315.44029221199776,3.54003938039144,1.645030783995598,2.7213916778564453,3.1402454376220703,3.1308774948120117,3.1534934043884277,49.263750076293945,41.99377766283557,6.855394086917441,9.292463384629329,0.008625030517578125,1
2.1026370525360107,0.4611659049987793,56.50922393798828,2.308497428894043,0.057494860142469406,6.432620048522949,1.15952314880447,0.3295279273525605,1.1305992578605064,1.7245855683618816,218,0.05093197262605929,4.241020684754508,3.0773836848407545,0.9845942763088243,0.5586271845760331,-0.48801464896247726,0.07353326335369019,0.04674664555688299,252.9802683296154,2.318316459655762,1.3373701573390495,1.647787094116211,2.129338026046753,2.116011381149292,2.1339356899261475,69.83165454864502,41.40949316782623,7.605996233851188,6.812420310705215,0.006489753723144531,1
4.625541687011719,-0.37919339537620544,30.096351623535156,3.2477972507476807,-0.055068448185920715,4.35954475402832,1.1319855073061276,0.07453964261390093,0.4540711049293056,1.5665629071131766,227,0.051175697440588384,4.453528355204863,3.5332091629034026,1.2368192787482992,-0.21053904755944206,-1.1025552178454634,0.11687357285545796,0.10061897608467384,97.63766672464722,4.120724042256675,2.0414122772604504,3.0511417388916016,4.628923416137695,4.646063327789307,4.674439430236816,68.51813125610352,32.365886882729974,14.150300248091009,5.6831882980589645,0.028852462768554688,1
2.9220168590545654,0.5028146505355835,16.060867309570312,3.253237247467041,0.27027976512908936,3.012096405029297,1.2125454864157499,0.313474009746501,0.6285381910368817,1.696026272267152,232,0.04469507881463672,3.335903295021021,3.8008344306192523,0.9194325586554115,-0.21486810428827843,-0.8588089247771271,0.04531888720876349,0.021319383808079385,483.6094780944449,3.756808916727703,2.3210715867360054,2.226705551147461,2.9469034671783447,2.9313971996307373,2.9544432163238525,89.73279190063477,39.83341935210137,10.452033393727126,12.256088803789751,0.014247894287109375,1
3.8469085693359375,0.32190778851509094,51.8269157409668,3.1272289752960205,0.23501195013523102,3.603602886199951,1.2237011009028693,0.23943261573969155,0.5717305208988295,1.7323104828603224,205,0.0431628260201042,3.038404587239482,3.654423226279802,1.0067885797902991,0.20484901050773605,-1.0827732833550674,0.13437296853132222,0.11251474163315613,129.84424450528508,3.946884155273438,2.2253144504839444,2.7221908569335938,3.8405723571777344,3.869553804397583,3.8685543537139893,47.72520065307617,45.19184368269346,5.9420506294169115,7.448920988242801,0.019021034240722656,1
2.4502530097961426,0.7426736950874329,24.32893180847168,3.1443681716918945,0.31148988008499146,3.406184673309326,1.167568446999949,0.25373359533998446,0.805993765501519,1.6905642939980254,234,0.04721525267582235,4.05573251843387,3.678649314069665,0.7228722330922347,0.12634809492758273,0.09286444738880872,0.1100720095635181,0.09283313799750831,97.51139175181619,3.1906747817993177,1.747387713717196,2.3329105377197266,2.478088855743408,2.47040057182312,2.5078978538513184,102.71678161621094,30.047633834473142,10.816124732785951,17.09560438585847,0.008145332336425781,1
2.0043551921844482,1.0385005474090576,145.19845581054688,1.9495289325714111,0.25532063841819763,8.004443168640137,1.2398301926602948,0.4588648109877289,1.0819062457170068,1.8177553218211588,225,0.051607609578537064,3.7139010007316076,2.5812653622786206,1.5036948293054826,-0.2723534444017645,-0.7580703824304833,0.11097858420976861,0.0912640308894975,115.35982000657411,1.9092499415079758,1.2702955400487508,1.2525691986083984,2.0121583938598633,2.025564432144165,2.041311740875244,46.42957019805908,49.87163188803789,6.040724091069622,8.437750374291316,0.006033897399902344,1
1.590336561203003,2.063937187194824,280.00164794921875,2.1723320484161377,0.09174612164497375,2.5808138847351074,1.1803008694816517,0.45353547896370006,1.292423707717254,1.7401207770132665,218,0.04616388405856284,4.262417238602645,3.2991391319186008,0.7540471897023486,0.5620078399129531,0.16115659283588757,0.03584489444062686,0.014192114344851087,779.2203752453105,2.191324551900229,1.3326005824852818,1.5249881744384766,1.610535740852356,1.6022224426269531,1.6321457624435425,32.114033699035645,23.39654204519811,2.9139695800401855,4.338611887783327,0.0031709671020507812,1
2.3930811882019043,0.11075848340988159,59.59688186645508,2.5577757358551025,-0.18696752190589905,4.585040092468262,1.24521077693389,0.44307217865246395,1.0426497062385751,1.8257622803040328,224,0.0440925581321321,3.154570711410255,3.2630250762858575,1.0210831793153612,0.24718282898463803,-0.6094239954517904,0.13799190853093452,0.11480849213250198,147.10333848980966,2.777994791666668,1.688097770770082,1.8620414733886719,2.425283670425415,2.417029857635498,2.4233717918395996,82.83747959136963,38.2718709747365,7.592935615790419,7.867134441254935,0.009186744689941406,1
1.2549513578414917,1.2247501611709595,142.46145629882812,1.8706587553024292,0.12140592932701111,5.416736602783203,1.1943297473382342,0.5772368941862909,1.4614278586649432,1.7725991062473738,227,0.045326852562904286,4.205114007734768,2.8718461924401657,1.1047346042640758,0.29782430804130683,-0.7804430964919806,0.060766268556256366,0.03495947848615724,282.377938312675,1.7862885793050138,1.2584031878379407,0.9915046691894531,1.302851676940918,1.2759720087051392,1.3137850761413574,78.6609582901001,27.557256947173272,5.483323896938514,6.637441951237833,0.001987457275390625,1
1.712466835975647,1.7646175622940063,230.75572204589844,2.076185941696167,0.3251926004886627,6.354692459106445,1.2281689680972372,0.5391933541707631,1.3489656806543833,1.8418322439419048,222,0.045089641735278026,3.805827652709236,2.878071448395645,1.1992922792094676,0.38353585955845815,-0.7970826891479454,0.0870261234164265,0.06312706939150337,152.38925819639363,2.1493358612060556,1.5229187028468365,1.1415863037109375,1.7370736598968506,1.728315830230713,1.756734848022461,51.536986351013184,44.03146673663139,7.112962956074073,10.013352984259035,0.0062656402587890625,1
3.558450222015381,0.6653364300727844,49.967529296875,2.9541707038879395,-0.0370354950428009,4.427907943725586,1.1378302327415746,0.1434384967595236,0.6319690596666105,1.6075799404789164,224,0.04592224624067533,4.343569782187165,3.450586952063472,1.0744144123781123,-0.0316492650223466,-0.8182288369432489,0.10902982546991757,0.08963854887416152,109.77091429845143,3.3833627700805677,1.7511475591818937,2.4716243743896484,3.5713415145874023,3.5736284255981445,3.593967914581299,67.33619403839111,50.88973821345006,13.177071563541716,11.678733530125575,0.01818370819091797,1
3.3823704719543457,0.04230521619319916,10.64222526550293,3.677823066711426,0.10998129844665527,2.1234021186828613,1.2006033311977515,0.2597383367237595,0.519939895657413,1.6620216452610945,229,0.04660727042222795,3.724146253871668,4.053528202347507,0.8014543498942563,-0.7438776216871356,0.4134134452244287,0.0935259123202156,0.07158485552845255,140.12094962447597,4.2299788792928075,2.5895708289597317,2.4966793060302734,3.418726921081543,3.404759645462036,3.396763563156128,128.05100536346436,58.4622244938734,14.391171504254865,11.507324402148662,0.016597747802734375,1
4.3743462562561035,0.7065317630767822,18.393369674682617,3.6352028846740723,0.17007772624492645,2.273376941680908,1.2079135168910633,0.17648208569497886,0.2613345829033431,1.6591752152728507,220,0.04412411709249442,2.592145395530019,4.136569124232252,0.8746328528483223,-0.5673548298028075,-0.13658067202487123,0.11380232797167307,0.09837803694253659,87.25532129987816,5.206029574076336,2.885701916579465,3.8326587677001953,4.382706642150879,4.392164707183838,4.404018402099609,56.388182640075684,44.51578245635342,8.868591495910911,9.81122793638241,0.036316871643066406,1
2.8838858604431152,0.04095453768968582,34.89488220214844,2.843229055404663,-0.1565021127462387,3.3865432739257812,1.1921259802193696,0.25628652252588513,0.6995965652740748,1.691967052833983,214,0.04314260462725003,3.5945010326796574,3.4607875484308748,1.0668246395809966,0.07870167810671759,-1.0004742856027642,0.09716558336960636,0.07641586934792224,117.6171639997617,3.2049020131429047,1.8316794712324966,2.1722068786621094,2.8991191387176514,2.90419864654541,2.9218451976776123,57.56455135345459,53.327619411845184,10.123737020912777,10.149717251807242,0.015544891357421875,1
1.9056310653686523,0.9211642146110535,55.472896575927734,2.690582036972046,0.18257451057434082,2.843545913696289,1.1960329575682802,0.41004145374342754,0.8667940154862861,1.7133410264039164,236,0.049173343673140545,3.793981806842514,3.4766109577797515,0.802390698441965,0.06516691043132763,-0.6788426420079356,0.06040572454622917,0.034760342254220006,277.47950740105716,2.6362749735514335,1.6337034658185203,1.5648422241210938,1.9570175409317017,1.922363519668579,1.959338903427124,100.71640968322754,31.40422323159794,19.187040815822844,7.322784701017924,0.0037708282470703125,1
1.6311023235321045,0.7859479188919067,78.27359771728516,2.4676313400268555,0.19426380097866058,2.993724822998047,1.1528968024297694,0.43945641843093597,1.4218035589207352,1.7301880940380663,231,0.050752063323652154,4.605585849547986,3.4371910606930096,0.7485663244220295,0.516987582214693,-0.09454037914323132,0.04684552209396236,0.022236568668041096,497.10910141634173,2.482672373453777,1.4783877848696325,1.731597900390625,1.6684683561325073,1.6481199264526367,1.6853117942810059,75.83236694335938,27.32248001086446,5.817773826736453,6.271352936002133,0.0024709701538085938,1
2.645066261291504,0.44114381074905396,32.177879333496094,3.1803598403930664,0.07934481650590897,2.1969780921936035,1.185861943122323,0.28456629847579423,0.6492304868699144,1.6631011882836935,231,0.04743688007735643,3.78972171573911,3.701385613425618,0.8577999703852353,-0.27832543007714566,-0.772145719829155,0.08412617974209137,0.05949125892465595,186.8849620205672,3.2833795547485365,2.117043498880282,1.8476238250732422,2.6823432445526123,2.659783124923706,2.676999092102051,111.70293140411377,34.158338260309115,7.164146755034813,7.27163476510419,0.0064678192138671875,1
1.7363797426223755,1.0746980905532837,107.53607940673828,2.4098966121673584,0.13206391036510468,4.7617387771606445,1.1346850963008144,0.3022450856698937,0.9667233376177857,1.6631843399964703,224,0.049332944532929,4.3134205100417535,3.0942951848837934,0.8808820084534125,0.33339968779202994,-0.6171474470820928,0.07218861279687658,0.046478779760137305,208.11575964394373,2.132762591044109,1.1768054214092583,1.5166492462158203,1.7772983312606812,1.7484345436096191,1.774757981300354,84.15849876403809,64.18780882869676,9.933528821084948,14.479235804968514,0.0028743743896484375,1
4.588919162750244,0.506354808807373,8.692044258117676,4.92216157913208,0.34567177295684814,2.160592555999756,1.1053612055112714,-0.003438260276092339,0.43253535754178873,1.51139969850502,217,0.04263832031175147,4.240355580842744,4.3189410802146435,0.571250891900425,-0.44099506428924146,-0.16883984255661133,0.027316205283160675,0.008792941983095685,1375.2459341579322,5.512740453084311,2.573486777167557,4.167888641357422,4.6000285148620605,4.596003532409668,4.608137607574463,70.64996719360352,33.80672126731922,3.55342476650011,5.023967633546597,0.027031898498535156,1
1.4148824214935303,1.4681929349899292,212.0281982421875,2.0140609741210938,-0.037207890301942825,4.681258201599121,1.1909830778603543,0.6172282777286823,1.7290480656843839,1.796558524982454,221,0.04408563258084766,4.368605301409423,3.0622567332805053,1.0786196678928355,0.1758218994363449,-0.8067223941482684,0.09375626751381438,0.0711208309115266,134.94200026261944,2.076421101888022,1.4571057435808137,1.1615371704101562,1.4668724536895752,1.4507215023040771,1.4924066066741943,86.19941139221191,53.63648568131283,15.641535795213688,5.3497876485373705,0.0029802322387695312,1
